"id","ident","type","name","latitude_deg","longitude_deg","elevation_ft","continent","iso_country","iso_region","municipality","scheduled_service","gps_code","iata_code","local_code","home_link","wikipedia_link","keywords"
35333,"AR-0001","small_airport","Cullen Airport",-52.885101318359375,-68.41220092773438,132,"SA","AR","AR-V","Cullen","no",,,,,,
35334,"AR-0002","small_airport","Los Cerros Airport",-54.34410095214844,-67.83290100097656,1914,"SA","AR","AR-V","Los Cerros","no",,,,,,
35335,"AR-0003","small_airport","Rio Bellavista Airport",-53.98270034790039,-68.52359771728516,201,"SA","AR","AR-V","Rio Bellavista","no",,,,,,
35398,"AR-0004","small_airport","Merlo Airport",-32.35820007324219,-65.01740264892578,796,"SA","AR","AR-D","Merlo","yes",,,"RLO",,,
35399,"AR-0005","small_airport","Bragado Airport",-35.144,-60.4803,196,"SA","AR","AR-B","Bragado","no",,"QRF","BRA",,,
35400,"AR-0006","closed","[Duplicate] Brigadier Hector Ruiz Airport",-37.4333000183,-61.8833007812,228,"SA","AR","AR-B","Coronel Suarez","no",,"CSZ",,,,
35401,"AR-0007","small_airport","Caleta Olivia Airport",-46.4318008423,-67.5186004639,37,"SA","AR","AR-Z","Caleta Olivia","no",,"CVI","CAO",,,
42798,"AR-0008","small_airport","Aeroclub Chaco Airport",-27.6311,-59.1797,164,"SA","AR","AR-H","Resistencia","no",,,"RES",,,
35403,"AR-0009","small_airport","Charata Airport",-27.2164,-61.2103,318,"SA","AR","AR-H","Charata","no",,"CNT","CHA",,,
35404,"AR-0010","small_airport","General Villegas Airport",-35,-63,383,"SA","AR","AR-B","General Villegas","no",,"VGS","GAS",,,
35405,"AR-0011","small_airport","Los Menucos Airport",-40.817699,-68.074699,2571,"SA","AR","AR-R","Los Menucos","no",,"LMD","MCO",,,
42799,"AR-0012","small_airport","Aerofumigaciones Don Alejandro Airport",-33.3053,-60.6539,170,"SA","AR","AR-S","Coronel Bogado","no",,,"OGB",,,
42800,"AR-0013","small_airport","Agro Servicio Yoris Airport",-26.583055,-64.529724,1043,"SA","AR","AR-T","Gobernador Garmendia","no",,,"GYT","http://www.asysrl.com.ar/",,
42801,"AR-0014","small_airport","Agroaire Airport",-27.4978,-61.6586,377,"SA","AR","AR-H","Gancedo","no",,,"GAI",,,
35409,"AR-0015","closed","Saenz Peña Airport",-26.815799713134766,-60.448299407958984,20,"SA","AR","AR-H","Presidencia Roque Sáenz Peña","no",,"SZQ",,,,
35410,"AR-0016","closed","(Old) Antoine De Saint Exupery Airport",-40.7401008606,-64.9804992676,85,"SA","AR","AR-R","San Antonio Oeste","no",,,"OES",,,
35412,"AR-0017","small_airport","Valcheta Airport",-40.7000007629,-66.1500015259,629,"SA","AR","AR-R","Valcheta","no",,"VCF","VAL",,,
35413,"AR-0018","small_airport","Villa Mercedes Airport",-33.640858,-65.420074,1689,"SA","AR","AR-D","Villa Mercedes","no",,,"CED",,,
38694,"AR-0019","small_airport","13 De Diciembre Airport",-45.9033,-67.5564,170,"SA","AR","AR-U","Comodoro Rivadavia","no",,,"ICO",,,
38695,"AR-0020","heliport","Abel Monteverde Heliport",-32.9208,-62.4663,2646,"SA","AR","AR-X","Monte Buey","no",,,"HMB",,,
38696,"AR-0021","small_airport","Acindar Airport",-33.2647,-60.2842,82,"SA","AR","AR-S","Villa Constitución","no",,,"ION",,,
38697,"AR-0022","small_airport","Aeroboero Airport",-30.7286,-62.0078,314,"SA","AR","AR-X","Morteros","no",,,"BOE",,,
38698,"AR-0023","small_airport","Bahia Blanca Aeroclub Airport",-38.6722,-62.3522,49,"SA","AR","AR-B","Bahia Blanca","no",,,"BHB",,,
38699,"AR-0024","small_airport","Balcarce Aeroclub Airport",-37.9156,-58.3442,393,"SA","AR","AR-B","Balcarce","no",,,"BAL",,,
38700,"AR-0025","small_airport","Cipoletti Aeroclub Airport",-38.8931007385,-67.9886016846,885,"SA","AR","AR-R","Cipoletti","no","SAHI",,"CIP",,,
38701,"AR-0026","small_airport","Olavarria Aeroclub Airport",-36.9644012451,-60.2757987976,606,"SA","AR","AR-B","Olavarria","no",,,"OLC",,,
38702,"AR-0027","small_airport","Rauch Airport",-36.7717,-59.0575,308,"SA","AR","AR-B","Rauch","no",,,"RAU",,,
38703,"AR-0028","small_airport","Tandil Aeroclub Airport",-37.26559829711914,-59.093299865722656,583,"SA","AR","AR-B","Tandil","no",,,,,,
38704,"AR-0029","small_airport","Aerotec Airport",-33.206943512,-68.492225647,2181,"SA","AR","AR-M","Rivadavia","no",,,"RAE",,,
38705,"AR-0030","small_airport","Alagro Fumigaciones Airport",-32.8878,-60.8436,114,"SA","AR","AR-S","Funes","no",,,"UNE",,,
38706,"AR-0031","small_airport","San Andres De Giles Airport",-34.4703,-59.4247,167,"SA","AR","AR-B","San Andres de Giles","no",,,"GIL",,,
38707,"AR-0032","small_airport","Alejandro Roca Airport",-33.3488998413,-63.7299995422,688,"SA","AR","AR-X","Alejandro Roca","no",,,"ALR",,,
38708,"AR-0033","small_airport","Alfredo Sanchez Airport",-34.8011,-61.865,328,"SA","AR","AR-B","General Pinto","no",,,"SEZ",,,
38709,"AR-0034","small_airport","Algarrobo/La Reforma Airport",-38.7306,-63.2869,219,"SA","AR","AR-B","Bahia Blanca","no",,,"BRF",,,
38710,"AR-0035","small_airport","Allen Airport",-38.958099365200006,-67.8035964966,951,"SA","AR","AR-R","Allen","no",,,"ALL",,,
38711,"AR-0036","small_airport","Alta Gracia Airport",-31.651399612400002,-64.39389801029999,1748,"SA","AR","AR-X","Alta Gracia","no",,,"AGR",,,
38712,"AR-0037","small_airport","Alumine Airport",-38.9502983093,-71.0492019653,3819,"SA","AR","AR-Q","Alumine","no",,,"ALU",,,
38713,"AR-0038","small_airport","Alvear Aeroparque Airport",-33.0467,-60.5969,85,"SA","AR","AR-S","Alvear","no",,,"AVA","http://www.aeroclubrosario.com/",,"Aeroparque Rosario"
38714,"AR-0039","small_airport","Alvear Airport",-29.064722,-56.541111,226,"SA","AR","AR-W","Corrientes","no",,,"AVR",,,
38715,"AR-0040","small_airport","Ameghino Airport",-34.8458,-62.4817,360,"SA","AR","AR-B","Ameghino","no",,,"AMG",,,
38716,"AR-0041","small_airport","America Airport",-35.5017,-62.99,347,"SA","AR","AR-B","Rivadavia","no",,,"RVA",,,
38717,"AR-0042","small_airport","Añatuya Airport",-28.4797000885,-62.8457984924,354,"SA","AR","AR-G","Añatuya","no",,,"UYA",,,
38718,"AR-0043","small_airport","Andacollo Airport",-37.20333480834961,-70.69666290283203,3524,"SA","AR","AR-Q","Andacollo","no",,,,,,
38719,"AR-0044","small_airport","Anibal Brizi Airport",-31.4042,-60.8992,127,"SA","AR","AR-S","Esperanza","no",,,"EBF",,,
38720,"AR-0045","heliport","Arelauquen Heliport",-41.1612,-71.3659,3099,"SA","AR","AR-R","San Carlos De Bariloche","no",,,"HBA",,,
38721,"AR-0046","heliport","Aries Heliport",-52.6831,-68.0419,,"SA","AR","AR-V","Santa Cruz","no",,,"HES",,,
38722,"AR-0047","small_airport","Arrecifes Aeroclub Airport",-34.0833,-60.0333,141,"SA","AR","AR-B","Arrecifes","no",,,"CIF",,,
38723,"AR-0048","small_airport","Arribeños Airport",-34.2228,-61.3858,268,"SA","AR","AR-B","Arribeños","no",,,"ARB",,,
38724,"AR-0049","small_airport","Arroyito/Arcor Airport",-31.4221992493,-63.0041999817,485,"SA","AR","AR-X","Arroyito/Arcor","no",,,"ARY",,,
38725,"AR-0050","heliport","Austral Heliport",-52.8936,-68.3553,127,"SA","AR","AR-V","Rio Cullen","no",,,"ULL",,,
38726,"AR-0051","heliport","Autodromo Ciudad De Bs. As. Heliport",-34.6939,-58.46,16,"SA","AR","AR-C","Buenos Aires","no",,,"HAU",,,
38727,"AR-0052","small_airport","Presidente Avellaneda Airport",-29.1061,-59.6569,147,"SA","AR","AR-S","Avellaneda","no",,,"AVL",,,
38728,"AR-0053","small_airport","Ayacucho Airport",-37.1639,-58.4719,221,"SA","AR","AR-B","Ayacucho","no",,,"AYA",,,
38729,"AR-0054","heliport","Ayres De Pilar Heliport",-34.4375,-58.7983,45,"SA","AR","AR-B","Pilar","no",,,"HAP",,,
38730,"AR-0055","heliport","Azcarate Irastorza Heliport",-35.1994,-63.6008,416,"SA","AR","AR-L","Intendente Alvear","no",,,,,,
38731,"AR-0056","small_airport","B&B Servicios Agropecuarios Airport",-32.1147,-61.6328,239,"SA","AR","AR-S","Cañada Rosquin","no",,,"CBB",,,
38732,"AR-0057","heliport","B. Churruca Heliport",-34.6407,-58.4094,19,"SA","AR","AR-C","Buenos Aires","no",,,"HBC",,,
38733,"AR-0058","small_airport","Baradero Airport",-33.8217,-59.4925,95,"SA","AR","AR-B","Baradero","no",,,"BDO",,,
38734,"AR-0059","small_airport","Barrancas Airport",-36.7756004333,-69.8593978882,3481,"SA","AR","AR-M","Barrancas","no",,,,,,
38735,"AR-0060","small_airport","Basavilbaso Airport",-32.3611,-58.8808,196,"SA","AR","AR-E","Basavilbaso","no",,,"BAS",,,
38736,"AR-0061","small_airport","Batan Airport",-38.0117,-57.6775,203,"SA","AR","AR-B","Mar Del Plata","no",,,"MDB",,,
38737,"AR-0062","small_airport","Belén De Escobar Airport",-34.2986,-58.7989,13,"SA","AR","AR-B","Belén De Escobar","no",,,"LEN",,,
38738,"AR-0063","small_airport","Bellamar Airport",-38.3858,-58.1336,42,"SA","AR","AR-B","Miramar","no",,,"MBL",,,
38739,"AR-0064","closed","Benavidez Airport",-34.388054,-58.663887,13,"SA","AR","AR-B","Benavidez","no",,,"DEZ",,,
38740,"AR-0065","small_airport","Blondi Airport",-34.61333465576172,-61.02305603027344,262,"SA","AR","AR-B","Junin","no",,,,,,
38741,"AR-0066","small_airport","Gran Ancona Airport",-33.4383,-61.3017,318,"SA","AR","AR-S","Bombal","no",,,"BOM",,,
38742,"AR-0067","small_airport","Bonetti Airport",-27.604166030900004,-55.863887786899994,462,"SA","AR","AR-N","Posadas","no",,,"PBO",,,
38743,"AR-0068","small_airport","Pablo Sierra Aeroaplicaciones Airport",-30.9294,-62.0506,328,"SA","AR","AR-X","Brinkman","no",,,"BPS",,,
38744,"AR-0069","heliport","Cabaña San Isidro Labrador Heliport",-34.3783,-58.7883,39,"SA","AR","AR-B","Belén De Escobar","no",,,"HCI",,,
38745,"AR-0070","small_airport","Cabañas Airport",-32.9775,-58.5222,23,"SA","AR","AR-E","Gualeguaychu","no",,,"GLM",,,
38746,"AR-0071","small_airport","Cabildo Airport",-38.4986000061,-61.8843994141,521,"SA","AR","AR-B","Cabildo","no",,,"CBD",,,
44745,"AR-0072","heliport","Ituzaingo / Transener S.A. Heliport",-27.5601,-56.6568,233,"SA","AR","AR-W","Ituzaingo","no",,,"HIT",,,
38748,"AR-0073","heliport","Cabo Vírgenes Heliport",-52.3278,-68.4092,180,"SA","AR","AR-Z","Cabo Vírgenes","no",,,"HCV",,,
38749,"AR-0074","small_airport","Caleufu Airport",-40.39390182495117,-70.96330261230469,2323,"SA","AR","AR-Q","Caleufu","no",,,,,,
38750,"AR-0075","heliport","Campo De Vuelo Heliport",-31.3689,-64.2636,1515,"SA","AR","AR-X","Cordoba","no",,,"HMO",,,
38751,"AR-0076","small_airport","Canals Airport",-33.5622,-62.8692,387,"SA","AR","AR-X","Canals","no",,,"CNS",,,
38752,"AR-0077","small_airport","Cañada De Gomez Airport",-32.8086,-61.365,268,"SA","AR","AR-S","Cañada de Gomez","no",,,"GOM",,,
38753,"AR-0078","small_airport","Cañada Rosquin Airport",-32.0994,-61.5839,219,"SA","AR","AR-S","Cañada Rosquin","no",,,"SQI",,,
38754,"AR-0079","small_airport","Cañuelas Airport",-35.1119,-58.7261,98,"SA","AR","AR-B","Cañuelas","no",,,"CNA",,,
38755,"AR-0080","small_airport","Capitan Sarmiento Airport",-34.1639,-59.7311,160,"SA","AR","AR-B","Capitan Sarmiento","no",,,"CTS",,,
38756,"AR-0081","small_airport","Vedia Aeroclub",-34.4817,-61.4903,291,"SA","AR","AR-B","Vedia","no",,,"VDA",,,
38757,"AR-0082","small_airport","Carhue Airport",-37.1942,-62.7814,360,"SA","AR","AR-B","Carhue","no",,,"HUE",,,
38758,"AR-0083","small_airport","Carlos Casares Airport",-35.6328,-61.3842,275,"SA","AR","AR-B","Carlos Casares","no",,,"CSR",,,
38759,"AR-0084","small_airport","Las Ensenadas Airport",-31.4552993774,-64.5263977051,2394,"SA","AR","AR-X","Carlos Paz","no",,,"CPZ",,,
38760,"AR-0085","small_airport","Carlos Tejedor Airport",-35.4256,-62.4697,308,"SA","AR","AR-B","Carlos Tejedor","no",,,"TEJ",,,
38761,"AR-0086","small_airport","Carmen De Areco Airport",-34.4175,-59.8719,160,"SA","AR","AR-B","Carmen de Areco","no",,,"CNO",,,
38762,"AR-0087","heliport","Casa De Gobierno Heliport",-31.4306,-64.1842,1420,"SA","AR","AR-X","Cordoba","no",,,"HGC",,,
38763,"AR-0088","small_airport","Casilda Airport",-33.0617,-61.21,252,"SA","AR","AR-S","Casilda","no",,,"ILD",,,
38764,"AR-0089","small_airport","Castelli Airport",-36.11000061035156,-57.86194610595703,33,"SA","AR","AR-B","Castelli","no",,,,,,
38765,"AR-0090","small_airport","Castelli Airport",-25.93083381652832,-60.628055572509766,364,"SA","AR","AR-H","Chaco","no",,,,,,
38766,"AR-0091","heliport","Centinela Heliport",-34.5822,-58.3744,42,"SA","AR","AR-C","Buenos Aires","no",,,,,,
38767,"AR-0092","heliport","Central Nuclear Heliport",-32.2294,-64.44,1738,"SA","AR","AR-X","Embalse Rio Tercero","no",,,"HCN",,,
38768,"AR-0093","heliport","Centro Cívico Grand Bourg Heliport",-24.7806,-65.4514,4132,"SA","AR","AR-A","Salta","no",,,"HGB",,,
38769,"AR-0094","small_airport","Cereales Anahi Ruca Airport",-35.6736106873,-63.7180557251,455,"SA","AR","AR-L","General Pico","no",,,"GPF",,,
38770,"AR-0095","heliport","Cerro Chapelco Heliport",-40.1981,-71.3211,4281,"SA","AR","AR-Q","San Martín De Los Andes","no",,,,,,
38771,"AR-0096","small_airport","Chacabuco Airport",-34.6069,-60.4097,226,"SA","AR","AR-B","Chacabuco","no",,,"UCO",,,
38772,"AR-0097","small_airport","Chacharramendi Airport",-37.3405990601,-65.646697998,951,"SA","AR","AR-L","Chacharramendi","no",,,"CHR",,,
38773,"AR-0098","small_airport","Chajari Airport",-30.7542,-58,173,"SA","AR","AR-E","Chajari","no",,,"CHJ",,,
38774,"AR-0099","small_airport","Chañar Ladeado Airport",-33.3333,-62.0333,367,"SA","AR","AR-S","Chañar Ladeado","no",,,"CLD",,,
38775,"AR-0100","small_airport","Chascomus Airport",-35.5428,-58.0519,32,"SA","AR","AR-B","Chascomus","no",,,"MUS",,,
38776,"AR-0101","small_airport","Chivilcoy Airport",-34.9639,-60.0333,173,"SA","AR","AR-B","Chivilcoy","no",,,"CHY",,,
38777,"AR-0102","small_airport","Cholila Airport",-42.484722,-71.460556,1883,"SA","AR","AR-U","Cholila","no",,,"CHO",,,
38778,"AR-0103","small_airport","Cinco Saltos Airport",-38.801666259765625,-68.03722381591797,1171,"SA","AR","AR-R","Cinco Saltoses","no",,,,,,
38779,"AR-0104","heliport","Citefa Heliport",-34.5575,-58.5056,55,"SA","AR","AR-B","Villa Martelli","no",,,"HVM",,,
38780,"AR-0105","heliport","Ciudad Universitaria Heliport",-31.4406,-64.1894,1443,"SA","AR","AR-X","Cordoba","no",,,"HCU",,,
38781,"AR-0106","heliport","Club Nautico San Isidro Heliport",-34.4614,-58.5003,6,"SA","AR","AR-B","San Isidro","no",,,,,,
38782,"AR-0107","small_airport","Colon Airport",-33.9231,-61.0461,295,"SA","AR","AR-B","Colon","no",,,"CON",,,
38783,"AR-0108","small_airport","Colon Airport",-32.2614,-58.1556,65,"SA","AR","AR-E","Colon","no",,,"CLN",,,
38784,"AR-0109","heliport","Complejo Llao Llao Heliport",-41.0544,-71.5339,2542,"SA","AR","AR-R","San Carlos De Bariloche","no",,,"HLL",,,
38785,"AR-0110","small_airport","Concepcion Del Uruguay Airport",-32.4519,-58.3058,121,"SA","AR","AR-E","Concepcion Del Uruguay","no",,,"CDU",,,
38786,"AR-0111","small_airport","Concordia Aeroclub Airport",-31.3042,-58.0153,131,"SA","AR","AR-E","Concordia","no",,,"CRD",,,
38787,"AR-0112","small_airport","Confluencia Airport",-36.771400451699996,-69.5385971069,4964,"SA","AR","AR-M","Confluencia","no",,,,,,
38788,"AR-0113","small_airport","Coronel Dorrego Airport",-38.7411,-61.2561,393,"SA","AR","AR-B","Coronel Dorrego","no",,,"DOR",,,
38789,"AR-0114","small_airport","Coronel Pringles Airport",-38.0066680908,-61.331943512,810,"SA","AR","AR-B","Coronel Pringles","no","SABP",,"PRI",,,
38790,"AR-0115","small_airport","Coronel Vidal Airport",-37.4689,-57.7669,85,"SA","AR","AR-B","Coronel Vidal","no",,,"VDL",,,
38791,"AR-0116","small_airport","Corral De Bustos Airport",-33.2811,-62.1514,393,"SA","AR","AR-X","Corral de Bustos","no",,,"BTS",,,
38792,"AR-0117","small_airport","Santa María Airport",-31.286100387599998,-64.4552993774,2296,"SA","AR","AR-X","Cosquin","no",,,"CQN",,,
38793,"AR-0118","small_airport","Cruz Alta Airport",-33.0078,-61.8369,318,"SA","AR","AR-X","Cruz Alta","no",,,"ALT",,,
38794,"AR-0119","small_airport","Curuzu Cuatia Aeroclub Airport",-29.7789,-58.0958,262,"SA","AR","AR-W","Curuzu Cuatia","no",,,"CZU",,,
38795,"AR-0120","heliport","D.P.A.O. Heliport",-34.9597,-57.8928,62,"SA","AR","AR-B","La Plata","no",,,"HLP",,,
38796,"AR-0121","small_airport","Fumigaciones Airport",-36.5914,-61.7753,371,"SA","AR","AR-B","Daireaux","no",,,"DFR",,,
38797,"AR-0122","small_airport","Darregueira Airport",-37.7127990723,-63.161899566699994,649,"SA","AR","AR-B","Darregueira","no",,,"DAR",,,
38798,"AR-0123","heliport","Darsena Sur Heliport",-34.6278,-58.3515,16,"SA","AR","AR-C","Buenos Aires","no",,,"HDA",,,
38799,"AR-0124","small_airport","Dean Funes Airport",-30.379199981699998,-64.379699707,2259,"SA","AR","AR-X","Dean Funes","no",,,"FUN",,,
38800,"AR-0125","small_airport","Diamante Airport",-32.0161,-60.5825,246,"SA","AR","AR-E","Diamante","no",,,"DTE",,,
38801,"AR-0126","heliport","Dines ( Dr. E. Escudero) Heliport",-34.5726,-58.4005,19,"SA","AR","AR-C","Buenos Aires","no",,,"HDI",,,
42802,"AR-0127","small_airport","Agrocelta Servicios Aereos Airport",-33.8867,-60.8628,269,"SA","AR","AR-B","Mariano H. Alfonzo","no",,,"AGC",,,
38803,"AR-0128","small_airport","Saavedra Airport",-37.750242,-62.33425,1040,"SA","AR","AR-B","Saavedra","no",,,"DRA",,,
38804,"AR-0129","heliport","Ecodyma S.C.A. Heliport",-34.9408,-57.9919,45,"SA","AR","AR-B","La Plata","no",,,"HEC",,,
38805,"AR-0130","small_airport","Eduardo Castex Airport",-35.8805541992,-64.2738876343,600,"SA","AR","AR-L","Eduardo Castex","no",,,"ECX",,,
38806,"AR-0131","small_airport","El Alamito Airport",-37.27361297607422,-70.38972473144531,3576,"SA","AR","AR-Q","El Alamito","no",,,,,,
38807,"AR-0132","small_airport","Establecimiento El Araza Airport",-36.7756,-57.6414,305,"SA","AR","AR-B","Maipu","no",,,"HZA",,,
38808,"AR-0133","heliport","El Capricho Heliport",-34.2325,-59.3158,98,"SA","AR","AR-B","Chenaut","no",,,"HCO",,,
38809,"AR-0134","small_airport","El Corcovado Airport",-43.533599853515625,-71.48470306396484,1968,"SA","AR","AR-U","El Corcovado - Esquel","no",,,,,,
38810,"AR-0135","small_airport","El Gaucho Airport",-32.6294,-61.5444,344,"SA","AR","AR-S","Las Parejas","no",,,"EGO",,,
38811,"AR-0136","balloonport","El Manantial Airport",-35.1943,-58.3594,49,"SA","AR","AR-B","Coronel Brandsen","no",,,"EML",,,
38812,"AR-0137","small_airport","El Pajaro Airport",-34.8237,-58.3169,52,"SA","AR","AR-B","Florencio Varela","no",,,"FVA","https://www.facebook.com/pages/Aerodromo-El-Pajaro/487105338046291",,
38813,"AR-0138","small_airport","El Pampero Airport",-36.5928001404,-64.1866989136,583,"SA","AR","AR-L","Santa Rosa","no",,,"ELP",,,
38814,"AR-0139","small_airport","El Trebol Airport",-32.2153,-61.7161,301,"SA","AR","AR-S","El Trebol","no","SAFT",,"ETB",,,
38815,"AR-0140","small_airport","Elizalde Airport",-34.9747,-57.9614,22,"SA","AR","AR-B","La Plata","no",,,"ELZ",,,
38816,"AR-0141","small_airport","Esperanza Airport",-31.4736,-60.8447,124,"SA","AR","AR-S","Esperanza","no",,,"EPZ",,,
38817,"AR-0142","small_airport","Esquina Airport",-30.0489,-59.5353,127,"SA","AR","AR-W","Esquina","no",,,"ESN",,,
38818,"AR-0143","small_airport","Estancia Don Roberto Airport",-34.0013999939,-65.366897583,1430,"SA","AR","AR-D","Villa Mercedes","no",,,"ERT",,,
38819,"AR-0144","heliport","Estancia Haychol Heliport",-38.6481,-70.6775,3447,"SA","AR","AR-Q","Las Lajas","no",,,"HHL",,,
38820,"AR-0145","heliport","Estancia La Candelaria Heliport",-40.0442,-71.3664,2997,"SA","AR","AR-Q","San Martin De Los Andes","no",,,"HCD",,,
38821,"AR-0146","heliport","Estancia La Chacota Heliport",-35.9133,-62.6417,295,"SA","AR","AR-B","Trenque Lauquen","no",,,"HTL",,,
38822,"AR-0147","small_airport","Estancia La Choza Airport",-30.5389,-58.2928,236,"SA","AR","AR-E","Chajari","no",,,"CHC",,,
38823,"AR-0148","small_airport","Estancia La Laurita Airport",-44.7761116027832,-70.1963882446289,1834,"SA","AR","AR-U","Alto Rio Senguerr","no",,,,,,
38824,"AR-0149","small_airport","Estancia Llamuco Airport",-38.79944610595703,-70.43472290039062,3924,"SA","AR","AR-Q","Llamuco","no",,,,,,
38825,"AR-0150","small_airport","Estancia Los Cardos Airport",-37.7356,-58.0342,393,"SA","AR","AR-B","Balcarce","no",,,"BLC",,,
38826,"AR-0151","small_airport","Estancia Nueva Lubecka Airport",-44.44194412231445,-70.44222259521484,2021,"SA","AR","AR-U","Jose de San Martin","no",,,,,,
38827,"AR-0152","heliport","Estancia Palitue Heliport",-39.8528,-71.0464,2817,"SA","AR","AR-Q","Junin De Los Andes","no",,,"HJN",,,
38828,"AR-0153","small_airport","Estancia San Juan Airport",-29.6028,-58.0281,268,"SA","AR","AR-W","Curuzu Cuatia","no",,,"HSJ",,,
38829,"AR-0154","small_airport","Estancia San Ramón Airport",-50.303495,-69.926057,1226,"SA","AR","AR-Z","Santa Cruz","no",,,"HSR",,,
38830,"AR-0155","heliport","Estancia Santa Ana Heliport",-51.6839,-71.9689,665,"SA","AR","AR-Z","El Turbio","no",,,"HTS",,,
38831,"AR-0156","heliport","Estancia Santa Isabel Heliport",-39.8847,-70.5136,3116,"SA","AR","AR-Q","Catan Lil","no",,,"HCL",,,
38832,"AR-0157","small_airport","Estindher Airport",-33.0931015015,-64.42919921880001,1531,"SA","AR","AR-X","Rio Cuarto","no",,,"RIE",,,
38833,"AR-0158","small_airport","Ezpeleta Airport",-34.7464,-58.2033,9,"SA","AR","AR-B","Ezpeleta","no",,,"EZP",,,
38834,"AR-0159","heliport","Finca Las Costas Heliport",-24.7703,-65.4956,4300,"SA","AR","AR-A","Salta","no",,,"HFC",,,
38835,"AR-0160","small_airport","Firmat Aeroclub Airport",-33.4289,-61.5108,344,"SA","AR","AR-S","Firmat","no",,,"FAE",,,
38836,"AR-0161","small_airport","Formosa Aeroclub Airport",-26.3014,-58.2983,229,"SA","AR","AR-P","Formosa","no",,,"FOR",,,
38837,"AR-0162","small_airport","Fortín De Gainza Airport",-34.5494,-63.1225,426,"SA","AR","AR-B","Santa Regina","no",,,"SRE",,,
38838,"AR-0163","heliport","Fuerza Aérea(Edificio Cóndor) Heliport",-34.5858,-58.3681,19,"SA","AR","AR-C","Buenos Aires","no",,,"HFA",,,
38839,"AR-0164","small_airport","Fumigaciones Stadler Airport",-32.5786,-60.9119,121,"SA","AR","AR-S","Serodino","no",,,"SER",,,
38840,"AR-0165","small_airport","Galvez Airport",-32.0322,-61.1758,173,"SA","AR","AR-S","Galvez","no",,,"VEZ",,,
38841,"AR-0166","small_airport","General Alvear Aeroclub Airport",-34.9730987549,-67.7236022949,1528,"SA","AR","AR-M","General Alvear","no",,,"GVA",,,
38842,"AR-0167","small_airport","General Belgrano Airport",-35.7519,-58.4633,39,"SA","AR","AR-B","General Belgrano","no",,,"GBE",,,
38843,"AR-0168","small_airport","General Deheza Airport",-32.745300293,-63.7957992554,898,"SA","AR","AR-X","General Deheza","no",,,"GDH",,,
38844,"AR-0169","small_airport","General La Madrid Airport",-37.2271995544,-61.2792015076,560,"SA","AR","AR-B","General La Madrid","no",,,"LAM",,,
38845,"AR-0170","small_airport","General Las Heras",-34.9206,-58.9164,114,"SA","AR","AR-B","General Las Heras","no",,,"GLH",,,
38846,"AR-0171","small_airport","General Levalle Airport",-34.0038871765,-63.9308319092,614,"SA","AR","AR-X","General Levalle","no",,,"LEV",,,
38847,"AR-0172","small_airport","General Madariaga Airport",-37.0392,-57.1372,22,"SA","AR","AR-B","General Madariaga","no",,,"MAD",,,
38848,"AR-0173","small_airport","General Pìnedo Airport",-27.3394,-61.2744,298,"SA","AR","AR-H","General Pìnedo","no",,,"GPO",,,
38849,"AR-0174","small_airport","General Pinto Airport",-34.7861,-61.9142,318,"SA","AR","AR-B","General Pinto","no",,,"PNT",,,
38850,"AR-0175","closed","General Rodriguez Airport",-34.497234,-59.037457,98,"SA","AR","AR-B","General Rodriguez","no",,,"GRZ",,,
38851,"AR-0176","small_airport","Los Toldos Airport",-34.9744,-61.0206,236,"SA","AR","AR-B","General Viamonte","no",,,"GNV",,,
38852,"AR-0177","small_airport","Gobernador Crespo Aeroclub Airport",-30.3878,-60.3656,170,"SA","AR","AR-S","Gobernador Crespo","no",,,"GCR",,,
38853,"AR-0178","small_airport","Gobernador Santillán Airport",-27.901399612426758,-64.24970245361328,689,"SA","AR","AR-G","Santiago Del Estero","no",,,,,,
38854,"AR-0179","small_airport","Gomez Airport",-35.0956,-58.0853,62,"SA","AR","AR-B","Gomez","no",,,"GOZ",,,
38855,"AR-0180","small_airport","Gonzalez Chaves Airport",-38.0293998718,-60.136100769,636,"SA","AR","AR-B","Gonzalez Chaves","no",,,"GVZ",,,
38856,"AR-0181","small_airport","Goya Aeroclub",-29.1678,-59.2464,124,"SA","AR","AR-W","Goya","no",,,"GYA",,,
38857,"AR-0182","small_airport","Guadalupe Airport",-31.584,-60.668,59,"SA","AR","AR-S","Santa Fe","no",,,,,,
38858,"AR-0183","small_airport","Gualeguay Airport",-33.1036109924,-59.3747215271,39,"SA","AR","AR-E","Gualeguay","no",,,"UAY",,,
38859,"AR-0184","small_airport","Agro Aereo Gualeguay Airport",-33.0386,-59.4383,52,"SA","AR","AR-E","Gualeguay","no",,,"GAA",,,
38860,"AR-0185","heliport","Helicenter Heliport",-34.4975,-58.6069,113,"SA","AR","AR-B","Don Torcuato","no",,,"HLI",,,
38861,"AR-0186","heliport","Heliplataforma Am I Heliport",-52.5192,-68.3858,98,"SA","AR","AR-Z","Santa Cruz","no",,,"HAB",,,
38862,"AR-0187","heliport","Heliplataforma Carina Heliport",-52.7572,-67.2194,30,"SA","AR","AR-Z","Santa Cruz","no",,,"HRI",,,
38863,"AR-0188","heliport","Heliplataforma/Am-2 Heliport",-52.5489,-68.3125,134,"SA","AR","AR-Z","Santa Cruz","no",,,"HAD",,,
38864,"AR-0189","heliport","Heliplataforma/Am3 Heliport",-52.5228,-68.2808,134,"SA","AR","AR-Z","Santa Cruz","no",,,"HAM",,,
38865,"AR-0190","heliport","Heliplataforma/Am5 Heliport",-52.5706,-68.2533,98,"SA","AR","AR-Z","Santa Cruz","no",,,"HMQ",,,
38866,"AR-0191","heliport","Heliplataforma/Rio Cullen-Hidra Norte Heliport",-52.8206,-68.2192,65,"SA","AR","AR-V","Santa Cruz","no",,,"HNO",,,
38867,"AR-0192","heliport","Heliwest Heliport",-34.6336,-58.7511,71,"SA","AR","AR-B","Moreno","no",,,"HHW",,,
38868,"AR-0193","small_airport","Henderson Airport",-36.3147010803,-61.747798919699996,492,"SA","AR","AR-B","Henderson","no",,,"HDS",,,
38869,"AR-0194","heliport","Hospital De Milagro Heliport",-24.7731,-65.4156,4068,"SA","AR","AR-A","Salta","no",,,"HHM",,,
38870,"AR-0195","heliport","Hospital Materno Infantil San Roque Heliport",-31.73,-60.5217,265,"SA","AR","AR-E","Paraná","no",,,"HPE",,,
38871,"AR-0196","heliport","Hospital Municipal Heliport",-34.4489,-59.4494,154,"SA","AR","AR-B","San Andres De Giles","no",,,"HSH",,,
38872,"AR-0197","heliport","Hospital Nac. De Pediatría J. Garraham Heliport",-34.6308,-58.3936,127,"SA","AR","AR-B","Buenos Aires","no",,,"HNP",,,
38873,"AR-0198","small_airport","Huanguelen Airport",-37.0330543518,-61.934165954600005,518,"SA","AR","AR-B","Huanguelen","no",,,"HUG",,,
38874,"AR-0199","small_airport","Huinca Renanco Airport",-34.8203010559,-64.3731002808,590,"SA","AR","AR-X","Huinca Renanco","no",,,"HUI",,,
38875,"AR-0200","small_airport","Ingeniero Luiggi Airport",-35.3549995422,-64.4758300781,633,"SA","AR","AR-L","Ingeniero Luiggi","no",,,"IGL",,,
42803,"AR-0201","small_airport","Agroservicio Doña Teresa Airport",-28.8494,-62.2625,246,"SA","AR","AR-G","Bandera","no",,,"ADT",,,
38877,"AR-0202","small_airport","Establecimiento La Susana",-34.909168,-59.348888,121,"SA","AR","AR-B","Ingeniero Williams","no",,,,,,
38878,"AR-0203","small_airport","Intendente Alvear Airport",-35.2592,-63.5328,416,"SA","AR","AR-L","Intendente Alvear","no",,,"IAL",,,
38879,"AR-0204","small_airport","Intendente Alvear",-35.2494,-63.5342,416,"SA","AR","AR-L","Intendente Alvear","no",,,,,,
45160,"AR-0205","small_airport","Fumigaciones Herbinsec Airport",-35.138611,-62.705278,366,"SA","AR","AR-B","Roberts","no",,,"ROH",,,
38881,"AR-0206","heliport","Isla Santa Mónica Heliport",-34.4147,-58.5072,14,"SA","AR","AR-B","Tigre","no",,,"HSM",,,
38882,"AR-0207","small_airport","Don Hector Biondi Airport",-33.2464,-62.4167,387,"SA","AR","AR-X","Isla Verde","no",,,"IVB",,,
38883,"AR-0208","small_airport","Italaviation Airport",-29.1608,-59.1814,209,"SA","AR","AR-W","Goya","no",,,"GIT",,,
38884,"AR-0209","small_airport","Jacinto Arauz Airport",-38.066101074200006,-63.4282989502,524,"SA","AR","AR-L","Jacinto Arauz","no",,,"JAR",,,
38885,"AR-0210","small_airport","Jardin De América Airport",-27.0324993134,-55.1980552673,672,"SA","AR","AR-N","Jardin de América","no",,,"JDA",,,
38886,"AR-0211","small_airport","Jesús Maria Airport",-30.988100051900002,-64.0768966675,1738,"SA","AR","AR-X","Jesús Maria","no",,,"JES",,,
38887,"AR-0212","small_airport","Agropecuaria Rio Juramento Airport",-25.1867008209,-64.0828018188,1184,"SA","AR","AR-A","Joaquin V. Gonzalez","no",,,"JGA",,,
38888,"AR-0213","small_airport","Tres Lomas Airport",-36.4439,-62.8792,380,"SA","AR","AR-B","Jose Maria Blanco","no",,,"JMB",,,
38889,"AR-0214","small_airport","Juan Carlos Bagur Airport",-32.4186,-59.8158,190,"SA","AR","AR-E","Nogoya","no",,,"NJB",,,
38890,"AR-0215","heliport","Juan Y Luci Heliport",-32.6922,-64.7206,2404,"SA","AR","AR-X","Alpa Corral","no",,,"HAC",,,
38891,"AR-0216","small_airport","Juarez Celman Airport",-31.2113895416,-64.1613922119,1680,"SA","AR","AR-X","Juarez Celman","no",,,"JCM",,,
38892,"AR-0217","small_airport","La Angelita Airport",-30.8522,-58.7067,229,"SA","AR","AR-E","Federal","no",,,"FAG",,,
38893,"AR-0218","small_airport","Trenque Lauquen Airport",-36.0158,-62.6939,324,"SA","AR","AR-B","Trenque Lauquen","no","SA28",,"LAU",,,
38894,"AR-0219","small_airport","La Caida Airport",-34.8625,-58.3447,91,"SA","AR","AR-B","Longchamps","no",,,"LLC",,,
38895,"AR-0220","heliport","La Caldera Heliport",-36.6669,-56.6789,32,"SA","AR","AR-B","Costa Azul","no",,,"HCA",,,
38896,"AR-0221","heliport","La Carolina Heliport",-31.3525,-64.2828,1485,"SA","AR","AR-X","La Carolina","no",,,"HLC",,,
38897,"AR-0222","small_airport","La Consulta Airport",-33.7308349609375,-69.17388916015625,3520,"SA","AR","AR-M","La Consulta","no",,,,,,
38898,"AR-0223","closed","La Fantasia",-34.7286,-59.109402,111,"SA","AR","AR-B","Lujan","no",,,,,,
38899,"AR-0224","small_airport","La Laja Airport",-31.3513889313,-68.47305297850001,2132,"SA","AR","AR-J","La Laja","no",,,"AJA",,,
38900,"AR-0225","small_airport","Quebracho Herrado Airport",-34.1553,-59.8739,170,"SA","AR","AR-B","Capitán Sarmiento","no",,,"CSQ",,,
38901,"AR-0226","heliport","La Madrugada Heliport",-34.2382,-59.1915,85,"SA","AR","AR-B","Capilla Del Señor","no",,,"HLM",,,
38902,"AR-0227","small_airport","La Mezquita Airport",-31.400800705,-64.3003005981,1672,"SA","AR","AR-X","Cordoba/La Mezquita","no",,,"MEZ",,,
38903,"AR-0228","heliport","La Milagrosa Heliport",-32.4828,-58.2506,49,"SA","AR","AR-E","Concepcion Del Uruguay","no",,,"HMI",,,
38904,"AR-0229","small_airport","La Nueva Airport",-34.9464,-61.3042,246,"SA","AR","AR-B","Lincoln","no",,,"LNV",,,
38905,"AR-0230","small_airport","La Paz Aeroclub Airport",-30.7442,-59.5683,200,"SA","AR","AR-E","La Paz","no",,,"LAZ",,,
38906,"AR-0231","small_airport","La Pelada Airport",-30.9556,-60.8858,144,"SA","AR","AR-S","La Pelada","no",,,"PEL",,,
38907,"AR-0232","small_airport","La Siesta Airport",-33.6939,-62.0625,367,"SA","AR","AR-S","Venado Tuerto","no",,,"VTO",,,
38908,"AR-0233","heliport","La Superba Heliport",-34.5008,-59.015,32,"SA","AR","AR-B","Open Door","no",,,"HLS",,,
38909,"AR-0234","small_airport","Laborde Airport",-33.1567,-62.8906,400,"SA","AR","AR-X","Laborde","no",,,"LAB",,,
38910,"AR-0235","small_airport","Lago Buenos Aires Airport",-46.5764007568,-70.948600769,1312,"SA","AR","AR-Z","Lago Buenos Aires","no",,,"BAI",,,
38911,"AR-0236","heliport","Lago Escondido Heliport",-41.7033,-71.6075,2722,"SA","AR","AR-R","Lago Escondido","no",,,"HLE",,,
38912,"AR-0237","small_airport","Lago La Esperanza Airport",-42.217499,-71.805003,1836,"SA","AR","AR-U","Esquel","no",,,"LZA",,,"SA8A"
38913,"AR-0238","small_airport","Lago Nahuel Huapi Airport",-41.0971984863,-71.17780303960001,2558,"SA","AR","AR-R","Nahuel Huapi","no",,,"LNH",,,
38914,"AR-0239","small_airport","Laguna Aeroclub Airport",-34.40888977050781,-59.45833206176758,148,"SA","AR","AR-B","San Andres de Giles","no",,,,,,
38915,"AR-0240","small_airport","Laguna De Gomez Airport",-34.6539,-61.01,262,"SA","AR","AR-B","Laguna de Gomez","no",,,"LDG",,,
38916,"AR-0241","small_airport","Laprida Airport",-37.518901825,-60.7769012451,705,"SA","AR","AR-B","Laprida","no","SAEK",,"LPR",,,
38917,"AR-0242","heliport","Las Araucarias Heliport",-34.3067,-59.1703,82,"SA","AR","AR-B","Capilla Del Señor","no",,,"HCS",,,
38918,"AR-0243","heliport","Las Chacritas Heliport",-34.405,-58.8631,64,"SA","AR","AR-B","Villa Rosa","no",,,"HLT",,,
38919,"AR-0244","small_airport","Las Cortaderas Airport",-38.3547,-58.1089,52,"SA","AR","AR-B","Miramar","no",,,"BLL",,,
38920,"AR-0245","small_airport","Las Marias Airport",-28.1,-56.05,410,"SA","AR","AR-W","Gdor. Valentin Virasoro","no",,,"VSO",,,
38921,"AR-0246","small_airport","Las Ovejas Airport",-36.999699,-70.741897,3936,"SA","AR","AR-Q","Las Ovejas","no",,,"OVJ",,,
38922,"AR-0247","small_airport","Las Rosas Airport",-32.4922,-61.5806,334,"SA","AR","AR-S","Las Rosas","no",,,"LRS",,,
38923,"AR-0248","small_airport","Las Varillas Airport",-31.8914,-62.7047,442,"SA","AR","AR-X","Las Varillas","no",,,"LVL",,,
38924,"AR-0249","small_airport","Lanzillota Airport",-32.7214012146,-68.6342010498,1869,"SA","AR","AR-M","Ciudad de Lavalle","no",,,"LLZ",,,
38925,"AR-0250","heliport","Legat S.A. Heliport",-34.3168,-58.8166,16,"SA","AR","AR-B","Belén De Escobar","no",,,"HBE",,,
38926,"AR-0251","small_airport","Leones Airport",-32.6368,-62.3148,373,"SA","AR","AR-X","Leones","no",,,"LEO",,,
38927,"AR-0252","small_airport","Luján Airport",-34.5514,-59.0783,82,"SA","AR","AR-B","Lujan","no",,,"LJN",,,
38928,"AR-0253","small_airport","Lincoln Airport",-34.8911,-61.5306,285,"SA","AR","AR-B","Lincoln","no",,,"LIN",,,
38929,"AR-0254","small_airport","El Mirador",-34.538887,-59.585278,167,"SA","AR","AR-B","San Andres de Giles","no",,,"LAD2230",,,
38930,"AR-0255","small_airport","Loberia Airport",-38.1906,-58.7864,265,"SA","AR","AR-B","Loberia","no",,,"LBI",,,
38931,"AR-0256","small_airport","Nika Airport",-38.1478,-58.7542,262,"SA","AR","AR-B","Lobería","no",,,"NIK",,,
38932,"AR-0257","small_airport","Lobos Airport",-35.2108,-59.1367,95,"SA","AR","AR-B","Lobos","no",,,"BOS",,,
38933,"AR-0258","small_airport","Los Cardos Airport",-32.2719,-61.6622,341,"SA","AR","AR-S","Los Cardos","no",,,"LCD",,,
38934,"AR-0259","heliport","Los Fresnos Heliport",-34.2806,-59.12,111,"SA","AR","AR-B","Capilla Del Señor","no",,,"HLF",,,
38935,"AR-0260","small_airport","Los Perales Airport",-46.1907997131,-69.28029632570001,1397,"SA","AR","AR-Z","Las Heras","no",,,"LHP",,,
38936,"AR-0261","small_airport","Los Tucanes Airport",-27.0358333588,-65.1566696167,1194,"SA","AR","AR-T","Tucuman","no",,,"TUT",,,
38937,"AR-0262","small_airport","Macachin Airport",-37.111099243199995,-63.5499992371,459,"SA","AR","AR-L","Macachin","no",,,"MAC",,,
38938,"AR-0263","heliport","Madero Heliport",-34.6217,-58.3447,16,"SA","AR","AR-C","Buenos Aires","no",,,"HBM",,,
38939,"AR-0264","small_airport","Maipu Airport",-36.8903,-57.8503,52,"SA","AR","AR-B","Maipu","no",,,"MPU",,,
38940,"AR-0265","heliport","Manuel Afonso Heliport",-34.815,-58.1953,36,"SA","AR","AR-B","Hudson","no",,,"HMA",,,
38941,"AR-0266","small_airport","Marcos Paz",-34.7975,-58.8969,91,"SA","AR","AR-B","Marcos Paz","no",,,"MSP",,,
38942,"AR-0267","small_airport","Martín Fierro Airport",-33.940299987799996,-64.3696975708,754,"SA","AR","AR-X","Vicuña Mackena","no",,,"VMK",,,
38943,"AR-0268","heliport","Match Point Heliport",-34.5161,-59.1339,82,"SA","AR","AR-B","Lujan","no",,,"HMP",,,
38944,"AR-0269","small_airport","Meliquina Airport",-40.33530044555664,-71.33920288085938,3061,"SA","AR","AR-Q","Meliquina","no",,,,,,
38945,"AR-0270","heliport","Memorial Heliport",-34.4433,-58.8381,62,"SA","AR","AR-B","Pilar","no",,,"HME",,,
38946,"AR-0271","small_airport","Mercedes Airport",-34.6397,-59.4556,137,"SA","AR","AR-B","Mercedes","no",,,"MRD",,,
42804,"AR-0272","small_airport","Azcarate Irastorza Airport",-35.1994,-63.6008,416,"SA","AR","AR-L","Intendente Alvear","no",,,"IAA",,,
38948,"AR-0273","small_airport","Metán Airport",-25.5144004822,-64.9655990601,2765,"SA","AR","AR-A","Metan","no","SASM",,"MTN",,,
38949,"AR-0274","small_airport","Mina Clavero Airport",-31.7331008911,-64.98560333249999,3181,"SA","AR","AR-X","Mina Clavero","no",,,"MCL",,,
38950,"AR-0275","heliport","Miraflores Country Club Heliport",-34.4461,-58.7342,68,"SA","AR","AR-B","Garin","no",,,"HMC",,,
38951,"AR-0276","small_airport","Monte Maiz Airport",-33.2103,-62.6297,370,"SA","AR","AR-X","Monte Maiz","no",,,"MAI",,,
38952,"AR-0277","small_airport","Montecarlo Airport",-26.5438995361,-54.723899841299996,787,"SA","AR","AR-N","Montecarlo","no",,,"MTL",,,
38953,"AR-0278","small_airport","Moromar Airport",-38.4164,-58.3839,49,"SA","AR","AR-B","Quequen","no",,,"UEN",,,
38954,"AR-0279","heliport","Morrison Heliport",-32,-62,465,"SA","AR","AR-X","Morrison","no",,,"HRR",,,
38955,"AR-0280","small_airport","Morteros Airport",-30.6778,-62.0267,308,"SA","AR","AR-X","Morteros","no",,,"MTR",,,
38956,"AR-0281","small_airport","Navarro Airport",-35.0236,-59.2858,98,"SA","AR","AR-B","Navarro","no",,,"NVR",,,
38957,"AR-0282","small_airport","Nogoya Airport",-32.4025,-59.7461,137,"SA","AR","AR-E","Nogoya","no",,,"NOG",,,
38958,"AR-0283","heliport","Norberto Cordeiro Heliport",-31.4142,-64.4969,2036,"SA","AR","AR-X","Villa Carlos Paz","no",,,"HAI",,,
38959,"AR-0284","heliport","Oficial Subinspector Gustavo Soarez De Souza Heliport",-34.7236,-58.515,141,"SA","AR","AR-B","La Matanza","no",,,"HMF",,,
38960,"AR-0285","small_airport","Oliva Airport",-32.060798645,-63.5469017029,879,"SA","AR","AR-X","Oliva","no",,,"OLV",,,
38961,"AR-0286","heliport","Oreste Berta Heliport",-31.6269,-64.3922,1869,"SA","AR","AR-X","Alta Gracia","no",,,"HOB",,,
38962,"AR-0287","heliport","P.N.A. Of. Ppal. Ballestra Heliport",-34.5772,-58.3838,19,"SA","AR","AR-C","Buenos Aires","no",,,"HPN",,,
38963,"AR-0288","small_airport","Palitue Airport",-39.81638717651367,-71.0294418334961,2562,"SA","AR","AR-Q","Chapelco","no",,,,,,
38964,"AR-0289","small_airport","Parana Aeroclub Airport",-31.7578,-60.3733,196,"SA","AR","AR-E","Parana","no",,,"ANA",,,
38965,"AR-0290","small_airport","Parana Club De Planeadores Airport",-31.7314,-60.22,151,"SA","AR","AR-E","Parana","no",,,"PNA",,,
38966,"AR-0291","small_airport","Parque Hermoso Airport",-38.0287,-57.6393,196,"SA","AR","AR-B","Mar Del Plata","no",,,"MPH",,,
38967,"AR-0292","small_airport","Pedro Luro Airport",-39.4561,-62.6747,88,"SA","AR","AR-B","Pedro Luro","no",,,"URO",,,
38968,"AR-0293","small_airport","Pellegrini Airport",-36.2828,-63.1342,370,"SA","AR","AR-B","Pellegrini","no",,,"PLG",,,
38969,"AR-0294","small_airport","LAD 2198 Juan Jose Angelini",-34.426945,-59.480278,164,"SA","AR","AR-B","San Andres de Giles","no",,,"LAD2198",,,
38970,"AR-0295","small_airport","Pilcaniyeu Airport",-41.12666702270508,-70.7138900756836,3192,"SA","AR","AR-R","Pilcaniyeu","no",,,,,,
38971,"AR-0296","small_airport","Pinamar Airport",-37.0911,-56.9783,9,"SA","AR","AR-B","Pinamar","no",,,"PNR",,,
38972,"AR-0297","heliport","Planta Cruz Del Sur Heliport",-53.3228,-68.2658,173,"SA","AR","AR-V","Bahía San Sebastián","no",,,"HEN",,,
38973,"AR-0298","small_airport","Poblet Airport",-35.0881,-57.9492,65,"SA","AR","AR-B","Poblet","no",,,"PBE",,,
38974,"AR-0299","heliport","Policía Provincia De Córdoba Heliport",-31.3994,-64.1833,1293,"SA","AR","AR-X","Cordoba","no",,,"HPC",,,
38975,"AR-0300","heliport","Policlinico San Martin Heliport",-34.9167,-57.9167,68,"SA","AR","AR-B","La Plata","no",,,"HPM",,,
38976,"AR-0301","heliport","Polisur S.A. Heliport",-38.7742,-62.2939,16,"SA","AR","AR-B","Bahía Blanca","no",,,"HBP",,,
38977,"AR-0302","small_airport","Posadas Aeroclub Airport",-27.417499542236328,-55.93972396850586,443,"SA","AR","AR-N","Posadas","no",,,,,,
38978,"AR-0303","heliport","Presidencia De La Nación Heliport",-34.6064,-58.3683,26,"SA","AR","AR-C","Buenos Aires","no",,,,,,
38979,"AR-0304","small_airport","Puán Airport",-37.5393981934,-62.734199523899996,787,"SA","AR","AR-B","Puán","no",,,"PUA",,,
38980,"AR-0305","small_airport","Pueblo Esther Airport",-33.0817,-60.5647,82,"SA","AR","AR-S","Rosario","no",,,"ROP",,,
38981,"AR-0306","small_airport","Terminal 6 Airport",-32.6417,-60.7539,85,"SA","AR","AR-S","Puerto San Martín","no",,,"PST",,,
38982,"AR-0307","small_airport","Pulmari Airport",-39.100555419921875,-70.99888610839844,3245,"SA","AR","AR-Q","Pulmari","no",,,,,,
38983,"AR-0308","small_airport","Punta Alta Airport",-38.8342,-62.0869,9,"SA","AR","AR-B","Punta Alta","no",,,"PLT",,,
38984,"AR-0309","heliport","Raies Heliport",-31.3461,-64.2081,1459,"SA","AR","AR-X","Cordoba","no",,,"HRA",,,
38985,"AR-0310","heliport","Rancho De Montaña Heliport",-40.1525,-71.2856,3297,"SA","AR","AR-Q","San Martín De Los Andes","no",,,"HRM",,,
38986,"AR-0311","small_airport","La Igualdad Airport",-35.5133,-58.3531,59,"SA","AR","AR-B","Ranchos","no",,,"RAI",,,
38987,"AR-0312","small_airport","Rawson Airport",-43.2944,-65.0644,36,"SA","AR","AR-U","Rawson","no",,,"RAW",,,
38988,"AR-0313","small_airport","Realicó Airport",-35.0592002869,-64.2110977173,541,"SA","AR","AR-L","Realicó","no",,,"RLC",,,
38989,"AR-0314","small_airport","Nueva Valencia Airport",-27.5864,-58.8203,186,"SA","AR","AR-W","Riachuelo","no",,,"ENV",,,
38990,"AR-0315","small_airport","Don Jose Airport",-32.8275,-60.7817,82,"SA","AR","AR-S","Ricardone","no",,,"RDJ",,,
38991,"AR-0316","small_airport","Rio Chico Airport",-51.6686,-69.2603,68,"SA","AR","AR-Z","Rio Gallegos","no",,,"RGR",,,
38992,"AR-0317","heliport","Estancia Rio Ewan Heliport",-54.233548,-67.213246,112,"SA","AR","AR-V","Río Grande","no",,,"HRW",,,
38993,"AR-0318","small_airport","Rivadavia Airport",-33.227222442599995,-68.4741668701,2162,"SA","AR","AR-M","Rivadavia","no",,,"RVD",,,
38994,"AR-0319","small_airport","Rojas Airport",-34.215,-60.6725,19,"SA","AR","AR-B","Rojas","no",,,"RJA",,,
38995,"AR-0320","small_airport","Rosario De La Frontera Airport",-25.828056335399996,-64.9680557251,2746,"SA","AR","AR-A","Rosario de La Frontera","no",,,"FRO",,,
38996,"AR-0321","small_airport","Rosario Del Tala Airport",-32.3289,-59.1906,177,"SA","AR","AR-E","Rosario Del Tala","no",,,"ROT",,,
38997,"AR-0322","small_airport","Rufino Airport",-34.2831,-62.6719,387,"SA","AR","AR-S","Rufino","no",,,"RUF",,,
38998,"AR-0323","small_airport","Salliqueló Airport",-36.756401062,-62.9444007874,475,"SA","AR","AR-B","Salliqueló","no",,,"SLO",,,
38999,"AR-0324","small_airport","Salto Airport",-34.3069,-60.2858,193,"SA","AR","AR-B","Salto","no",,,"SLT",,,
39000,"AR-0325","small_airport","San Benito Airport",-31.8086,-60.4517,193,"SA","AR","AR-E","San Benito","no",,,"SBE",,,
39001,"AR-0326","small_airport","San Cayetano Heliport",-38.33388900756836,-59.630279541015625,328,"SA","AR","AR-B","San Cayetano","no",,,,,,
39002,"AR-0327","small_airport","San Cristobal Airport",-30.2642,-61.2203,242,"SA","AR","AR-S","San Cristobal","no",,,"SCT",,,
39003,"AR-0328","small_airport","San Francisco Airport",-31.4142,-62.1336,374,"SA","AR","AR-X","San Francisco","no",,,"FRA",,,
39004,"AR-0329","heliport","San Isidro Labrador Heliport",-35.0814,-63.0822,377,"SA","AR","AR-B","General Villegas","no",,,"HIL",,,
39005,"AR-0330","heliport","San Joaquín Heliport",-34.3344,-59.7139,137,"SA","AR","AR-B","Carmen De Areco","no",,,"HRC",,,
39006,"AR-0331","small_airport","San Jorge Airport",-31.8836,-61.8442,347,"SA","AR","AR-S","San Jorge","no",,,"JOR",,,
39007,"AR-0332","small_airport","San Justo Airport",-30.7642,-60.5653,180,"SA","AR","AR-S","San Justo","no",,,"SJT",,,
39008,"AR-0333","small_airport","Aeroclub San Martín",-33.061883,-68.508644,2154,"SA","AR","AR-M","San Martin","no","SAMI",,"STI","https://www.facebook.com/Aero-Club-San-Martin-1620167351592200/",,
39009,"AR-0334","small_airport","Bahía Agradable Airport",-35.4594,-58.7636,78,"SA","AR","AR-B","San Miguel Del Monte","no",,,"SMM",,,
42805,"AR-0335","small_airport","Bahía Dorada Airport",-41.8428,-65.0822,118,"SA","AR","AR-R","Sierra Grande","no",,,"BDR",,,
39011,"AR-0336","small_airport","San Vicente Airport",-26.9533004761,-54.4878005981,1804,"SA","AR","AR-N","Fabiano","no",,,"VTE",,,
39012,"AR-0337","heliport","Sanatorio Guemes Heliport",-34.597,-58.4219,268,"SA","AR","AR-C","Buenos Aires","no",,,"HSG",,,
39013,"AR-0338","small_airport","Santo Tome Airport",-28.5272216796875,-56.10944366455078,223,"SA","AR","AR-W","Santo Tome","no",,,,,,
39014,"AR-0339","heliport","Sarthou S.A. Heliport",-34.3642,-58.5497,15,"SA","AR","AR-B","San Fernando","no",,,"HFS",,,
39015,"AR-0340","heliport","Saturnino Unzue Heliport",-35.4244,-60.1561,164,"SA","AR","AR-B","Mar del Plata","no",,,"HUU",,,
39016,"AR-0341","small_airport","Scaro Airport",-24.4480552673,-65.1758346558,3228,"SA","AR","AR-Y","Monterrico","no",,,"MTS",,,
46643,"AR-0342","small_airport","Villa de María de Río Seco Airport",-29.9,-63.683,,"SA","AR","AR-X","Villa de María de Río Seco","no","SACV",,"MRS",,,
39018,"AR-0343","heliport","Sol De Agosto Heliport",-34.5331,-58.9714,32,"SA","AR","AR-B","Lujan","no",,,"HAG",,,
39019,"AR-0344","small_airport","Stroeder Airport",-40.2106,-62.6175,91,"SA","AR","AR-B","Stroeder","no",,,"STD",,,
39020,"AR-0345","small_airport","Suboficial Auxiliar Miguel A. Cardone Airport",-33.9617,-61.6325,337,"SA","AR","AR-S","Villa Cañas","no",,,"VCC",,,
39021,"AR-0346","small_airport","Sunchales Aeroclub Airport",-30.9575,-61.5283,311,"SA","AR","AR-S","Sunchales","no","SAFS","NCJ","SCA",,,
39022,"AR-0347","heliport","Swiss Medical Heliport",-34.5808,-58.4294,193,"SA","AR","AR-C","Buenos Aires","no",,,"HMD",,,
39023,"AR-0348","heliport","Talitas Heliport",-32.5481,-58.2406,26,"SA","AR","AR-E","Concepcion Del Uruguay","no",,,"HTA",,,
39024,"AR-0349","small_airport","Estancia Tecka Airport",-43.6122207642,-71.0219421387,2361,"SA","AR","AR-U","Chubut","no",,,"TEC",,,
39025,"AR-0350","heliport","Tecnocopter S.A. Heliport",-34.4922,-58.6061,65,"SA","AR","AR-B","Don Torcuato","no",,,"HHT",,,
39026,"AR-0351","heliport","Terminal Y.P.F. Heliport",-34.7322,-58.5589,32,"SA","AR","AR-B","La Matanza","no",,,"HMY",,,
39027,"AR-0352","small_airport","Tilisarao Airport",-32.75,-65.28220367429999,2463,"SA","AR","AR-D","Tilisarao","no",,,"TLS",,,
39028,"AR-0353","heliport","Timen S.A. Heliport",-34.4964,-58.6078,19,"SA","AR","AR-B","Don Torcuato","no",,,"HDT",,,
39029,"AR-0354","small_airport","Tolosa Airport",-34.8747,-57.9608,18,"SA","AR","AR-B","La Plata","no",,,"PTL",,,
39030,"AR-0355","small_airport","Tornquist Airport",-38.0956001282,-62.2503013611,934,"SA","AR","AR-B","Tornquist","no",,,"TOR",,,
39031,"AR-0356","small_airport","Tostado Airport",-29.2358,-61.7886,226,"SA","AR","AR-S","Tostado","no",,,"TOS",,,
39032,"AR-0357","heliport","Transener S.A. Heliport",-34.175,-58.9983,32,"SA","AR","AR-B","Campana","no",,,"HCT",,,
39033,"AR-0358","heliport","Transener S.A. Heliport",-34.9136,-58.7222,65,"SA","AR","AR-B","Ezeiza","no",,,"HCG",,,
39034,"AR-0359","heliport","Transener S.A. Heliport",-32.3694,-66.0631,1968,"SA","AR","AR-D","Lujan","no",,,"HLU",,,
39035,"AR-0360","heliport","Recreo / Transener S.A. Heliport",-29.2628,-65.0582,810,"SA","AR","AR-K","Recreo","no",,,"HRE",,,
39036,"AR-0361","heliport","Transener S.A. Heliport",-38.1472,-65.8228,751,"SA","AR","AR-L","Puelches","no",,,"HPU",,,
39037,"AR-0362","heliport","Transener S.A. Heliport",-33.0989,-68.5819,2220,"SA","AR","AR-M","Barreales","no",,,"HCR",,,
39038,"AR-0363","heliport","Transener S.A. Heliport",-40.1622,-70.3917,2302,"SA","AR","AR-Q","Piedra Del Aguila","no",,,"HPG",,,
39039,"AR-0364","heliport","Transener S.A. Heliport",-39.5675,-65.6886,426,"SA","AR","AR-R","Choele Choel","no",,,"HCC",,,
39040,"AR-0365","heliport","Transener S.A. Heliport",-29.4606,-59.7636,190,"SA","AR","AR-S","Romang","no",,,"HRT",,,
39041,"AR-0366","heliport","Transener S.A. Heliport",-26.9936,-65.1636,1239,"SA","AR","AR-T","El Bracho","no",,,"HBO",,,
39042,"AR-0367","heliport","Almafuerte / Transener S.A. Heliport",-32.203,-64.315,1640,"SA","AR","AR-X","Almafuerte","no",,,"HAT",,,
39043,"AR-0368","heliport","Montecristo / Transener S.A. Heliport",-31.3392,-63.9138,1082,"SA","AR","AR-X","Monte Cristo","no",,,"HMT",,,
39044,"AR-0369","small_airport","Chevron Texaco Airport",-37.365002,-69.300278,2896,"SA","AR","AR-Q","El Trapial","no",,,"TXO",,,
39045,"AR-0370","small_airport","Horco Molle Aeroclub Airport",-26.7961006165,-65.3091964722,1902,"SA","AR","AR-T","Tucumán","no",,,"TCM",,"http://en.wikipedia.org/wiki/Mauricio_Gilli_Aerodrome","Mauricio Gilli Aerodrome"
39046,"AR-0371","heliport","Unidad Penitenciaria N° 30 Heliport",-36.0444,-60.0167,180,"SA","AR","AR-B","General Alvear","no",,,"HUP",,,
39047,"AR-0372","small_airport","Urdinarrain Airport",-32.6964,-58.8992,216,"SA","AR","AR-E","Urdinarrain","no",,,"URD",,,
39048,"AR-0373","small_airport","Veinticinco De Mayo Airport",-35.4464,-60.0886,164,"SA","AR","AR-B","Veinticinco De Mayo","no",,,"MAY",,,
39049,"AR-0374","small_airport","Vera Airport",-29.4681,-60.2261,190,"SA","AR","AR-S","Vera","no",,,"VER",,,
39050,"AR-0375","small_airport","Veronica Airport",-35.4,-57.3667,55,"SA","AR","AR-B","Veronica","no",,,"VNA",,,
39051,"AR-0376","small_airport","Victoria Airport",-32.5844,-60.1847,75,"SA","AR","AR-E","Victoria","no",,,"VIC",,,
39052,"AR-0377","small_airport","Victorica Airport",-36.237499237099996,-65.450553894,1020,"SA","AR","AR-L","Victorica","no","SAHV",,"VCA",,,
39053,"AR-0378","small_airport","Villa Del Rosario Airport",-31.579313,-63.539184,830,"SA","AR","AR-X","Villa Del Rosario","no",,,"VDR",,,
39054,"AR-0379","small_airport","Villa General Belgrano Airport",-31.9652996063,-64.5643997192,2755,"SA","AR","AR-X","Villa General Belgrano","no",,,"VGB",,,
39055,"AR-0380","small_airport","Villa Ocampo Airport",-28.4969,-59.3256,160,"SA","AR","AR-S","Villa Ocampo","no",,,"VPO",,,
39056,"AR-0381","small_airport","Villa Regina Airport",-39.073600769,-67.08000183109999,934,"SA","AR","AR-R","Villa Regina","no",,,"VRG",,,
39057,"AR-0382","small_airport","Villa Rumipal Airport",-32.1850013733,-64.4882965088,2184,"SA","AR","AR-X","Villa Rumipal","no",,,"VRU",,,
39058,"AR-0383","small_airport","Zarate Airport",-34.12,-59.0836,85,"SA","AR","AR-B","Zarate","no",,,"ATE",,,
42806,"AR-0384","small_airport","Belingueres Aviación Airport",-34.2778,-60.5044,209,"SA","AR","AR-B","Ines Indart","no",,,"IBA",,,
42807,"AR-0385","small_airport","Bocca Airport",-31.8711,-61.9511,344,"SA","AR","AR-S","San Jorge","no",,,"SJB",,,
42808,"AR-0386","small_airport","Buena Esperanza Airport",-30.5306,-58.3972,246,"SA","AR","AR-E","Los Conquistadores","no",,,"EZA",,,
42809,"AR-0387","small_airport","Buenos Aires Airport",-33.859722,-59.468887,85,"SA","AR","AR-B","Pueblo Alsina, Baradero","no",,,"BEX",,,
42810,"AR-0388","small_airport","Burdisso Airport",-32.2406,-61.7583,364,"SA","AR","AR-S","El Trebol","no",,,"TBL",,,
42811,"AR-0389","closed","Carlos Saqui Airport",-31.635000228881836,-63.86109924316406,1066,"SA","AR","AR-X","Rio Segundo","no",,,"RSA",,,
42812,"AR-0390","small_airport","Carmen De Patagones Airport",-40.7781,-62.9803,131,"SA","AR","AR-B","Carmen de Patagones","no",,"CPG","PAT",,,
42813,"AR-0391","small_airport","Club De Planeadores Airport",-38.0153,-57.6536,147,"SA","AR","AR-B","Mar del Plata","no",,,"MPP",,,
42814,"AR-0392","small_airport","Colonia Tirolesa Airport",-31.244722,-64.035278,1335,"SA","AR","AR-X","Colonia Tirolesa","no",,,"TIR",,,
42815,"AR-0393","small_airport","Comandante Eduardo A. Olivero Airport",-37.366668701171875,-58.96666717529297,633,"SA","AR","AR-B","Tandil","no",,,,,,
42816,"AR-0394","small_airport","Concepción Airport",-27.345434,-65.617973,1200,"SA","AR","AR-T","Concepción","no",,,"CCP",,,
42817,"AR-0395","small_airport","Coronel Brandsen Airport",-35.1828,-58.2839,52,"SA","AR","AR-B","Coronel Brandsen","no",,,"SEN",,,
42818,"AR-0396","small_airport","Coronel Moldes Airport",-33.616669,-64.612503,1170,"SA","AR","AR-X","Coronel Moldes","no",,,"MLD",,,
42819,"AR-0397","small_airport","Di Giuseppe Airport",-32.8908,-61.1239,291,"SA","AR","AR-S","Carcarañá","no",,,"CDI",,,
42820,"AR-0398","small_airport","Dinaluca S.A. Airport",-27.3828,-57.6442,219,"SA","AR","AR-W","Berón de Astrada","no",,,"BAD",,,
42821,"AR-0399","small_airport","EAA General Rodriguez",-34.6803,-59.0358,91,"SA","AR","AR-B","General Rodriguez","no",,,"GEZ",,,
42822,"AR-0400","small_airport","El Girasol Airport",-33.6661,-59.8339,91,"SA","AR","AR-B","Gobernador Castro","no",,,"GOC",,,
42823,"AR-0401","small_airport","El Gringo Airport",-27.3086,-61.2114,301,"SA","AR","AR-H","Charata","no",,,"CHT",,,
42824,"AR-0402","small_airport","El Jagüel Airport",-31.7994,-59.0339,200,"SA","AR","AR-E","Villaguay","no",,,"UEL",,,
42825,"AR-0403","small_airport","El Malagueño Airport",-31.6994,-59.4006,180,"SA","AR","AR-E","Villaguay","no",,,"VLL",,,
42826,"AR-0404","small_airport","El Pilincho Airport",-30.3872,-57.9683,228,"SA","AR","AR-W","Monte Caseros","no",,,"MCP",,,
42827,"AR-0405","small_airport","El Toto Airport",-31.650278,-64.368889,540,"SA","AR","AR-X","Alta Gracia","no",,,"TOT",,,
42828,"AR-0406","small_airport","Establecimiento La Adelita Airport",-31.3925,-61.1431,164,"SA","AR","AR-S","Humboldt","no",,,"HUM",,,
42829,"AR-0407","small_airport","Establecimiento La Florencia Airport",-33.0769,-61.3178,246,"SA","AR","AR-S","Los Molinos","no",,,"LMF",,,
42830,"AR-0408","small_airport","Estancia Caridad Airport",-43.72139,-71.24556,2427,"SA","AR","AR-U","El Corcovado","no",,,"VEC",,,
42831,"AR-0409","closed","Estancia El Chañar Airport",-31.2887,-62.4189,331,"SA","AR","AR-X","Colonia Marina","no",,,"CLM",,,
42832,"AR-0410","small_airport","Estancia La Leonor Airport",-26.1494,-59.6672,285,"SA","AR","AR-H","Presidencia Roca","no",,,"PRA",,,
42833,"AR-0411","small_airport","Estancia La Providencia Airport",-32.9411,-58.565,65,"SA","AR","AR-E","Gualeguaychú","no",,,"GLP",,,
42834,"AR-0412","small_airport","Estancia La Salvación Airport",-25.2767,-58.9375,321,"SA","AR","AR-P","Pirane","no",,,"PLS",,,
42835,"AR-0413","small_airport","Estancia Lucila Airport",-38.3086,-58.105,72,"SA","AR","AR-B","Mar del Sur","no",,,"ELL",,,
42836,"AR-0414","small_airport","Estancia San Vicente Airport",-32.9989,-61.7781,229,"SA","AR","AR-S","Tortugas","no",,,"TSV",,,
42837,"AR-0415","small_airport","Estancia Santa Romana Airport",-33.753334,-65.246391,1548,"SA","AR","AR-D","Mercedes","no",,,"MSR",,,
42838,"AR-0416","small_airport","Estancia Villa Corina Airport",-28.035,-56.0678,403,"SA","AR","AR-W","Gobernador Valentin Virasoro","no",,,"EVC",,,
42839,"AR-0417","small_airport","Estancia Villa María",-34.6433,-59.1272,104,"SA","AR","AR-B","Luján","no",,,"LVM",,,
42840,"AR-0418","small_airport","F.A.T. Airport",-34.1767,-61.5069,285,"SA","AR","AR-S","Teodelina","no",,,"TEO",,,
42841,"AR-0419","small_airport","Finca La Frontera Airport",-22.12351,-63.29055,160,"SA","AR","AR-A","Aguaray, San Martín","no",,,"SMF",,,
42842,"AR-0420","small_airport","Firmat Airport",-33.4661,-61.4842,344,"SA","AR","AR-S","Firmat","no",,,"FIM",,,
42843,"AR-0421","small_airport","Fumigaciones Campagnucci Airport",-33.3239,-60.6658,157,"SA","AR","AR-S","Coronel Bogado","no",,,"BOG",,,
42844,"AR-0422","small_airport","Fumigaciones Fredy Airport",-34.2361,-60.5819,176,"SA","AR","AR-B","Hunter","no",,,"PRC",,,
42845,"AR-0423","small_airport","Fumigaciones González Airport",-32.3589,-60.9797,98,"SA","AR","AR-S","Monje","no",,,"MON",,,
42846,"AR-0424","small_airport","General Belgrano Airport",-24.745834,-65.418892,4136,"SA","AR","AR-A","General Belgrano - Salta","no",,,"GBL","http://www.aeroclubsalta.com/",,"SA74"
42847,"AR-0425","small_airport","General San Martin (La Pampa) Airport",-37.94972,-63.6175,528,"SA","AR","AR-L","General San Martin","no",,,"SMT",,,
42848,"AR-0426","small_airport","Ginevro Airport",-31.864445,-62.844166,475,"SA","AR","AR-X","Las Varillas","no",,,"LVR",,,
42849,"AR-0427","small_airport","Gualeguay Aeroclub Airport",-33.0994,-59.4172,49,"SA","AR","AR-E","Gualeguay","no",,,"UAE",,,
42850,"AR-0428","closed","Guatraché Airport",-37.682800293,-63.5508003235,574,"SA","AR","AR-L","Guatraché","no",,,"GTE",,,
42851,"AR-0429","small_airport","Haras La Pomme Airport",-34.2078,-59.3856,91,"SA","AR","AR-B","San Antonio de Areco","no",,,"SHP",,,
42852,"AR-0430","closed","Haras Trelliris Airport",-35.3314,-60.5792,196,"SA","AR","AR-B","Bragado","no",,,"BHT",,,
42853,"AR-0431","small_airport","Hosteria San Huberto Airport",-39.7038879395,-71.16999816890001,2810,"SA","AR","AR-Q","Junin de Los Andes","no",,,"JAH",,,
42854,"AR-0432","small_airport","Iriberri Airport",-38.4769,-58.8056,108,"SA","AR","AR-B","Necochea","no",,,"NEI",,,
42855,"AR-0433","small_airport","Islas Del Ibicuy Airport",-33.75,-58.7,19,"SA","AR","AR-E","Islas del Ibicuy","no",,,"IBY",,,
42856,"AR-0434","small_airport","La Carlota Airport",-33.450000762900004,-63.3499984741,505,"SA","AR","AR-X","La Carlota","no",,,"LCT",,,
42857,"AR-0435","small_airport","La Chacra Airport",-34.8119,-62.522501,357,"SA","AR","AR-B","Ameghino","no",,,"ALC",,,
42858,"AR-0436","small_airport","La Esmeralda Airport",-29.9939,-57.8378,265,"SA","AR","AR-W","Libertad","no",,,"LLE",,,
42859,"AR-0437","small_airport","La Lucía Airport",-33.0119,-61.0608,239,"SA","AR","AR-S","Pujato","no",,,"PLL",,,
42860,"AR-0438","small_airport","La Madrugada Airport",-38.0036,-59.3489,449,"SA","AR","AR-B","Juan N. Fernández","no",,,"LMD",,,
42861,"AR-0439","small_airport","La Mariela Airport",-35.7828,-61.9342,282,"SA","AR","AR-B","Pehuajó","no",,,"PJO",,,
42862,"AR-0440","small_airport","La Zulema Airport",-32.4897,-62.6714,423,"SA","AR","AR-X","Bell Ville","no",,,"ZLM",,,
42863,"AR-0441","small_airport","Las Lilas Airport",-35.1328,-62.2175,350,"SA","AR","AR-B","Pasteur","no",,,"PAS",,,
42864,"AR-0442","small_airport","Malabrigo Airport",-29.35,-59.9667,177,"SA","AR","AR-S","Malabrigo","no",,,"MLA",,,
42865,"AR-0443","closed","Match Point Airport",-34.5161,-59.1339,82,"SA","AR","AR-B","Luján","no",,,"LMP",,,
42866,"AR-0444","small_airport","Montes De Oca Airport",-32.5811,-61.8408,62,"SA","AR","AR-S","Montes de Oca","no",,,"OCA",,,
42867,"AR-0445","small_airport","Ñancu Airport",-35.6161,-63.7508,446,"SA","AR","AR-L","General Pico","no",,,"GPU",,,
42868,"AR-0446","small_airport","Pedro Ferrari Airport",-32.9278,-62.4336,354,"SA","AR","AR-X","Monte Buey","no",,,"MBF",,,
42869,"AR-0447","small_airport","Petrazzini Airport",-38.3478,-60.2761,350,"SA","AR","AR-B","Tres Arroyos","no",,,"YOP",,,
42870,"AR-0448","small_airport","Petruk Airport",-27.0878,-58.6694,177,"SA","AR","AR-H","Las Palmas","no",,,"LPP",,,
42871,"AR-0449","small_airport","Pettilep Airport",-33.005,-61.0194,200,"SA","AR","AR-S","Pujato","no",,,"PUP",,,
42872,"AR-0450","small_airport","Pettilep II Airport",-32.8039,-60.7989,180,"SA","AR","AR-S","Ricardone","no",,,"PEP",,,
42873,"AR-0451","small_airport","Puerta De Avalos Airport",-24.314679,-65.247198,3904,"SA","AR","AR-Y","Jujuy","no",,,"PDA",,,
42874,"AR-0452","small_airport","Pulverizaciones M.H. Airport",-27.4831,-61.6486,318,"SA","AR","AR-H","Gancedo","no",,,"GDO",,,
42875,"AR-0453","small_airport","Saldungaray Airport",-38.216388702399996,-61.750831604,747,"SA","AR","AR-B","Saldungaray","no",,,"SLG",,,
42876,"AR-0454","small_airport","San Cayetano Airport",-38.3339,-59.6303,328,"SA","AR","AR-B","San Cayetano","no",,,"CAY",,,
42877,"AR-0455","small_airport","San Gregorio Airport",-34.3169,-62.0192,347,"SA","AR","AR-S","San Gregorio","no",,,"SGE",,,
42878,"AR-0456","small_airport","San Ignacio Airport",-39.847499847399995,-70.8638916016,2267,"SA","AR","AR-Q","Junin de Los Andes","no",,,"JLA",,,
42879,"AR-0457","small_airport","San José De La Dormida Airport",-30.2775001526,-63.8574981689,1387,"SA","AR","AR-X","San José de La Dormida","no",,,"SJD",,,
42880,"AR-0458","small_airport","Santo Tomás De La Sierra Airport",-38.2666664124,-61.8333320618,895,"SA","AR","AR-B","Saldungaray","no",,,"SLY",,,
42881,"AR-0459","small_airport","Savesa Airport",-33.7792,-61.9775,360,"SA","AR","AR-S","Venado Tuerto","no",,,"VTS",,,
42882,"AR-0460","small_airport","Sigfrido Rohr Aviagro S.R.L. Airport",-34.8306,-62.4678,360,"SA","AR","AR-B","Ameghino","no",,,"AME",,,
42883,"AR-0461","small_airport","Skare Airport",-34.3571833134,-60.1559829712,196,"SA","AR","AR-B","Salto","no",,,"SSK",,,
42884,"AR-0462","small_airport","Termal Airport",-26.753611,-60.492222,308,"SA","AR","AR-H","Presidencia Roque Sáenz Peña","no","SARS","PRQ","PSP",,,
42885,"AR-0463","small_airport","Timboy Airport",-30.2236,-57.8444,213,"SA","AR","AR-W","Monte Caseros","no",,,"MCT",,,
42886,"AR-0464","small_airport","Trevelin Airport",-43.08797,-71.47868,1245,"SA","AR","AR-U","Trevelin","no",,,"TVN",,,
45161,"AR-0465","small_airport","Casilda Fumigaciones Airport",-33.174722,-61.2,259,"SA","AR","AR-S","Sanford","no",,,"SCF",,,
42888,"AR-0466","small_airport","Yapeyú Airport",-29.44393,-56.823915,214,"SA","AR","AR-W","Yapeyú","no",,,"YPY",,,
42889,"AR-0467","heliport","Berrini Heliport",-31.4397,-64.3433,1811,"SA","AR","AR-X","Córdoba","no",,,"HBR",,,
42890,"AR-0468","heliport","Campanopolis Heliport",-34.791746,-58.601936,19,"SA","AR","AR-B","La Matanza","no",,,"HIS",,,
42891,"AR-0469","heliport","Casa De Lata Heliport",-39.8153,-71.1681,3221,"SA","AR","AR-Q","Junín de Los andes","no",,,"HDL",,,
42892,"AR-0470","heliport","Country Club San Diego Heliport",-34.6006,-58.8414,71,"SA","AR","AR-B","Moreno","no",,,"HSD",,,
42893,"AR-0471","heliport","Dayry Partners Americas Manufacturing Argentina Sa Heliport",-32.44,-63.2289,639,"SA","AR","AR-X","Villa Nueva","no",,,"HNE",,,
42894,"AR-0472","heliport","Dr. Mariano Moreno Heliport",-34.5631,-58.7903,104,"SA","AR","AR-B","José C. Paz","no",,,"HMM",,,
42895,"AR-0473","heliport","Estancia La Pascuala Heliport",-37.3936,-58.9661,721,"SA","AR","AR-B","Tandil","no",,,"HTD",,,
42896,"AR-0474","heliport","Heliplataforma Barcaza Yagana Heliport",-52.5225,-68.2806,49,"SA","AR","AR-Z","Barcaza Yagana","no",,,"HBY",,,
42897,"AR-0475","heliport","Heliplataforma Buque Skandi Patagonia Heliport",-52,-67,,"SA","AR","AR-Z","Buque Skandi","no",,,"HSP",,,
42898,"AR-0476","heliport","Heliplataforma Equipo Modular M-10 Heliport",-52.5489,-68.3119,108,"SA","AR","AR-Z",,"no",,,"HEM",,,
42899,"AR-0477","heliport","Metalúrgico Heliport",-33.3617,-60.2511,88,"SA","AR","AR-B","San Nicolás de Los Arroyos","no",,,"HSN",,,
42900,"AR-0478","heliport","Pachón Minera Heliport",-31.7597,-70.4128,11810,"SA","AR","AR-J","Pachón, Calingasta","no",,,"HPS",,,
42901,"AR-0479","heliport","Pernigotti Heliport",-27.7708,-64.2278,475,"SA","AR","AR-G","La Banda","no",,,"HBD",,,
42902,"AR-0480","heliport","Policia De La Provincia De Mendoza Heliport",-32.8783,-68.8681,2646,"SA","AR","AR-M","Mendoza","no",,,"HPD",,,
42903,"AR-0481","heliport","Roca Heliport",-32.06,-64.7794,3444,"SA","AR","AR-X","Yacanto de Calamuchita","no",,,"HYC",,,
42904,"AR-0482","heliport","S.A.N.A. Heliport",-27.5494,-55.3336,905,"SA","AR","AR-N","Leandro N. Alem","no",,,"HLA",,,
42905,"AR-0483","heliport","Austral S.A. Heliport",-52.7386,-68.5725,290,"SA","AR","AR-V","Yacimiento Cañadón Alfs","no",,,"HCP",,,
42906,"AR-0484","closed","General Alvear Airport",-35.9783,-59.9061,164,"SA","AR","AR-B","General Alvear","no",,,"GAR",,,
42907,"AR-0485","small_airport","San Patricio Airport",-34.0403,-59.6944,147,"SA","AR","AR-B","Capitán Sarmiento","no",,,"CSP",,,
42908,"AR-0486","small_airport","La Cura Malal Airport",-34.0536,-60.1369,121,"SA","AR","AR-B","Arrecifes","no",,,"ACM",,,
45153,"AR-0487","heliport","Cañuelas Gas SA Heliport",-35.0583,-58.7883,95,"SA","AR","AR-B","Cañuelas","no",,,"HGA",,,
45154,"AR-0488","heliport","Colonia La Capilla Heliport",-34.9167,-58.2508,82,"SA","AR","AR-B","Florencio Varela","no",,,"HFV",,,
45155,"AR-0489","heliport","Miguel Colombise Heliport",-33.3617,-60.2511,88,"SA","AR","AR-S","San Nicolás","no",,,"HSN",,,
45156,"AR-0490","heliport","Piero Vara Heliport",-34.4328,-58.9722,39,"SA","AR","AR-B","Pilar","no",,,"HPI",,,
45157,"AR-0491","heliport","Rio Cullen II Heliplatform",-52.8364,-68.1789,127,"SA","AR","AR-V","Santa Cruz","no",,,"HCE",,,
45162,"AR-0492","small_airport","La Argentina Airport",-35.996667,-62.705278,311,"SA","AR","AR-B","Trenque Lauquen","no",,,"ATN",,,
46644,"AR-0493","small_airport","La Paz Airport",-33.467,-67.55,,"SA","AR","AR-M","La Paz","no","SAMP",,"PAZ",,,
46645,"AR-0494","small_airport","Colonia Sarmiento Airport",-45.582371,-68.999841,877,"SA","AR","AR-U","Sarmiento","no",,"OLN","STO",,,
298878,"AR-0495","small_airport","Agroaire Airport",-27.476346,-61.624434,330,"SA","AR","AR-H","Gancedo","no",,,,"http://guialocal.com.ar/agroaire.html",,
313007,"AR-0496","small_airport","Aeroclub de El Chaltén Alf. G.N.A. Walter Omar D Anna",-49.328889,-72.93,1279,"SA","AR","AR-Z",,"no",,,"ELX",,,
313008,"AR-0497","small_airport","Hipólito Yrigoyen Lago Posadas Airport",-47.565833,-71.74,,"SA","AR","AR-Z",,"no",,,,,,
313014,"AR-0498","small_airport","Puerto Piramides Airport",-42.550804,-64.269397,,"SA","AR","AR-U",,"no",,,,,,
313015,"AR-0499","small_airport","Punta Delgada Field",-42.764154,-63.643799,,"SA","AR","AR-U",,"no",,,,,,
313021,"AR-0500","small_airport","Camerones Field",-44.76667,-65.71667,,"SA","AR","AR-U",,"no",,,,,,
313022,"AR-0501","small_airport","Caleta Valdés Field",-42.454874,-63.61908,,"SA","AR","AR-U",,"no",,,,,,
313090,"AR-0502","small_airport","Telsen",-42.383333,-66.95,,"SA","AR","AR-U",,"no",,,,,,
313091,"AR-0503","small_airport","Gan Gan Field",-42.521363,-68.287861,,"SA","AR","AR-U",,"yes",,,,,,
313092,"AR-0504","small_airport","Gastre Field",-42.276165,-69.221892,,"SA","AR","AR-U",,"no",,,,,,
313093,"AR-0505","small_airport","Cushamen Field",-42.17195981,-70.666176,,"SA","AR","AR-U",,"no",,,,,,
313094,"AR-0506","small_airport","Las Plumas Filed",-43.729305,-67.284822,,"SA","AR","AR-U",,"no",,,,,,
314776,"AR-0507","small_airport","Estancia Cullen South Airport",-52.9435,-68.4021,120,"SA","AR","AR-V","Estancia Cullen","no",,,,,,
314777,"AR-0508","small_airport","Sara Airport",-53.432,-68.167,52,"SA","AR","AR-V","Estancia Sara","no",,,,,,
314778,"AR-0509","small_airport","Rio Chico Highway Strip",-53.642,-67.9486,26,"SA","AR","AR-V",,"no",,,,,,
314780,"AR-0510","small_airport","Los Robles Airport",-54.069,-67.6536,102,"SA","AR","AR-V","Estancia El Roble","no",,,,,,
318230,"AR-0511","small_airport","Agroalvear S.R.L. Airport",-33.06833,-60.66694,104,"SA","AR","AR-S","Alvear","no",,,"ALV",,,
318231,"AR-0512","small_airport","Arias Airport",-33.664,-62.3751,415,"SA","AR","AR-X","Arias","no",,,"COA",,,
318238,"AR-0513","small_airport","Estancia La Alborada",-37.462706,-58.188557,209,"SA","AR","AR-B","Balcarce","no",,,"BLA",,,
318241,"AR-0514","small_airport","Finca Cuchuy Airport",-23.04,-63.7211,928,"SA","AR","AR-A","Ballivian","no",,,"FCU",,,
318243,"AR-0515","small_airport","Calchaqui Airport",-29.85167,-60.29194,184,"SA","AR","AR-S","Calchaqui","no",,,"CCI",,,
318244,"AR-0516","small_airport","Stiefel Airport",-31.99472,-61.60278,232,"SA","AR","AR-S","Cañada Rosquin","no",,,"RST",,,
318245,"AR-0517","small_airport","Fumagro Airport",-37.214729,-62.780581,364,"SA","AR","AR-B","Carhue","no",,,"CFU",,,
318246,"AR-0518","small_airport","Establecimiento La Maria Pilar Airport",-36.488606,-63.432958,410,"SA","AR","AR-L","Catrilo","no",,,"CTP",,,
318247,"AR-0519","small_airport","Agroservicios Airport",-33.2723,-60.5707,144,"SA","AR","AR-S","Coronel Bogado","no",,,"ACB",,,
318248,"AR-0520","small_airport","Alfomso Mengo Airport",-32.02444,-64.27944,1781,"SA","AR","AR-X","Corralito","no",,,"CAM",,,
318249,"AR-0521","small_airport","Lomas del Espinillo Airport",-32.08806,-64.16972,1441,"SA","AR","AR-X","Corralito","no",,,"CLE",,,
318250,"AR-0522","small_airport","Ita Ibate Airport",-27.44833,-57.422241,223,"SA","AR","AR-W","Corrientes","no",,,"CII",,,
318251,"AR-0523","small_airport","Estancia San Rafael Airport",-25.04347,-58.5915,288,"SA","AR","AR-P","El Espinillo","no",,,"ESR",,,
318252,"AR-0524","small_airport","Bernardo's Airport",-32.2506,-61.6519,290,"SA","AR","AR-S","El Trébol","no",,,"TDB",,,
318253,"AR-0525","small_airport","Salvita Airport",-23.2128,-64.0339,928,"SA","AR","AR-A","Embarcación","no",,,"SLV",,,
318254,"AR-0526","small_airport","El Desafio",-23.2426,-63.323,800,"SA","AR","AR-A","Fortin Dragones","no",,,"FDD",,,
318255,"AR-0527","small_airport","Finca La Hercilia Airport",-22.6147,-63.662759,1227,"SA","AR","AR-A","General Mosconi","no",,,"FLH",,,
318256,"AR-0528","small_airport","Kalbermatter Airport",-27.26028,-61.47444,331,"SA","AR","AR-H","General Pinedo","no",,,"GPK",,,
318257,"AR-0529","small_airport","El Potrero",-32.97472,-58.25389,88,"SA","AR","AR-E","Gualeguaychu","no",,,"GEP",,,
318259,"AR-0530","small_airport","Plus Agroservicios Aereos S.R.L. Airport",-33.8136,-61.3357,325,"SA","AR","AR-S","Hughes","no",,,"HGS",,,
318260,"AR-0531","small_airport","Biondi Airport]",-33.2232,-62.4046,400,"SA","AR","AR-X","Isla Verde","no",,,"IVL",,,
318263,"AR-0532","small_airport","Casajus",-33.3882,-63.3055,475,"SA","AR","AR-X","La Carlota","no",,,"LCC",,,
318264,"AR-0533","small_airport","Don Emilio Airport",-26.73247,-64.88455,1525,"SA","AR","AR-T","La Ramada De Abajo","no",,,"LRE",,,
318265,"AR-0534","small_airport","AeroSoluciones Airport",-24.74889,-64.235,1614,"SA","AR","AR-A","Las Lajitas","no",,,"LLA",,,
318266,"AR-0535","small_airport","Don Alberto Airport",-35.8696,-57.8768,35,"SA","AR","AR-K","Lezama","no",,,"LDA",,,
318268,"AR-0536","small_airport","Fumigaciones Ortega Airport",-35.2757,-61.5564,295,"SA","AR","AR-B","Martinez de Hoz","no",,,"DOF",,,
318269,"AR-0537","small_airport","Campo San Jose Airport",-30.77778,-62.01472,331,"SA","AR","AR-X","Morteros","no",,,"CSJ",,,
318270,"AR-0538","small_airport","Pulverizaciones Aerosur Airport",-38.576401,-58.796429,55,"SA","AR","AR-B","Necochea","no",,,"NPA",,,
318271,"AR-0539","small_airport","Finca Toloche Airport",-25.4346,-63.8578,1040,"SA","AR","AR-A","Nuestra Señora De Talavera","no",,,"NST",,,
318273,"AR-0540","small_airport","Agro Aéreo La Noria",-33.85696,-60.70038,255,"SA","AR","AR-B","Pergamino","no",,,"PEN",,,
318274,"AR-0541","small_airport","Servicios Aeronauticos",-37.523004,-62.452319,865,"SA","AR","AR-B","Pigüé","no",,,"PSA",,,
318275,"AR-0542","small_airport","Estancia La Carolina Airport",-33.07558,-60.715,110,"SA","AR","AR-S","Piñero","no",,,"PLC",,,
318276,"AR-0543","small_airport","SAS Aeroaplicaciones Airport",-24.80667,-64.18111,1498,"SA","AR","AR-A","Piquete Cabado","no",,,"PCA",,,
318278,"AR-0544","small_airport","Vale Airport",-37.06556,-69.39556,3051,"SA","AR","AR-M","Río Colorado","no",,,"RCV",,,
318279,"AR-0545","small_airport","Aeroagereo",-35.13588,-61.99717,327,"SA","AR","AR-B","Roberts","no",,,"ROB",,,
318281,"AR-0546","small_airport","La Amalia",-35.10042,-62.01656,328,"SA","AR","AR-B","Roberts","no",,,"AMA",,,
318282,"AR-0547","small_airport","BSG Airport",-34.24968,-62.67416,393,"SA","AR","AR-S","Rufino","no",,,"RBS",,,
318283,"AR-0548","small_airport","Abelenda Airport",-35.738533,-59.76201,127,"SA","AR","AR-B","Saladillo","no",,,"SAB",,,
318290,"AR-0549","small_airport","Vergnano Airport",-30.32012,-61.90165,314,"SA","AR","AR-S","San Guillermo","no",,,"SGV",,,
318297,"AR-0550","small_airport","Aeroclub San Javier",-30.5559,-59.9907,90,"SA","AR","AR-S","San Javier","no",,,"SJR",,,
318298,"AR-0551","small_airport","Chialva S. H. Airport",-32.736945,-62.531378,390,"SA","AR","AR-X","San Marcos","no",,,"SMS",,,
318300,"AR-0552","small_airport","Santa Clara de Saguier Airport",-31.35549,-61.82983,356,"SA","AR","AR-S","Santa Clara de Saguier","no",,,"SCL",,,
318301,"AR-0553","small_airport","San Alberto Airport",-36.592071,-64.220437,620,"SA","AR","AR-L","Santa Rosa","no",,,"SLP",,,
318302,"AR-0554","small_airport","Cóndor del Aire Airport",-33.46587,-60.62854,199,"SA","AR","AR-S","Sargento Cabral","no",,,"CDA",,,
318303,"AR-0555","small_airport","Fumigaciones Nando Airport",-29.77963,-62.03181,295,"SA","AR","AR-G","Selva Nueva","no",,,"SFN",,,
318305,"AR-0556","small_airport","Establecimiento El 21 Airport",-26.8952,-62.30962,545,"SA","AR","AR-G","Tintina","no",,,"TEV",,,
318306,"AR-0557","small_airport","Tío Pujio Airport",-32.29307,-63.40197,777,"SA","AR","AR-X","Tío Pujio","no",,,"TIO",,,
318307,"AR-0558","small_airport","Santagiulian Airport",-38.40573,-60.29968,350,"SA","AR","AR-B","Tres Arroyos","no",,,"SGI",,,
318308,"AR-0559","small_airport","Estancia Los Lobles Airport",-36.552913,-63.766652,459,"SA","AR","AR-L","Uriburu","no",,,"URL",,,
318309,"AR-0560","small_airport","Estancia La Criolla Airport",-35.537034,-60.129512,160,"SA","AR","AR-B","Vienticinco de Mayo","no",,,"ELC",,,
318310,"AR-0561","small_airport","Servicios Agroaereos Airport",-35.449205,-60.160708,165,"SA","AR","AR-B","Vienticinco de Mayo","no",,,"MSA",,,
318311,"AR-0562","small_airport","Don Angel Airport",-33.93823,-64.40774,800,"SA","AR","AR-X","Vicuña Mackenna","no",,,"VMA",,,
318313,"AR-0563","small_airport","Beneficios S.R.L. Airport",-33.93759,-64.415095,800,"SA","AR","AR-X","Vicuña Mackenna","no",,,"VMB",,,
318314,"AR-0564","small_airport","Comequechen Airport",-33.93402,-64.415946,805,"SA","AR","AR-X","Vicuña Mackenna","no",,,"VMC",,,
318492,"AR-0565","small_airport","Santa Isabel Airport",-36.23682,-66.94624,,"SA","AR","AR-L","Santa Isabel","no",,,,,,
318493,"AR-0566","small_airport","Limay Mahuida Airport",-37.1201,-66.704,,"SA","AR","AR-L","Limay Mahuida","no",,,,,,
318495,"AR-0567","small_airport","Nueva Galia Airport",-35.089382,-65.197724,,"SA","AR","AR-D","Nueva Galia","no",,,,,,
318506,"AR-0568","small_airport","RAIG S.A. Airport",-32.4382,-63.2893,685,"SA","AR","AR-X","Villa Nueva","no",,,"VNR",,,
318507,"AR-0569","small_airport","Suarez Aviación Airport",-32.4272,-63.3024,700,"SA","AR","AR-E","Villa Nueva","no",,,"VNS",,,
318508,"AR-0570","small_airport","Villa Valeria Airport",-34.35653,-64.90136,955,"SA","AR","AR-X","Villa Valeria","no",,,"CVV",,,
318509,"AR-0571","heliport","D.P. El Vapor Heliport",-34.83467,-58.38498,91,"SA","AR","AR-B","Almirante Brown","no",,,"HEV",,,
318510,"AR-0572","heliport","Centro Cívico Bicentenario Heliport",-31.42037,-64.173235,1306,"SA","AR","AR-X","Córdoba","no",,,"HBI",,,
318511,"AR-0573","heliport","Superficie Heliport",-34.90046,-57.929486,22,"SA","AR","AR-B","La Plata","no",,,"HBT",,,
318513,"AR-0574","heliport","C.A.P.E. Provincial Police Heliport",-29.4356,-66.8632,1760,"SA","AR","AR-F","La Rioja","no",,,"HPL",,,
318514,"AR-0575","heliport","La Reserva Heliport",-34.27045,-58.90043,19,"SA","AR","AR-B","Los Cardales","no",,,"HLR",,,
318515,"AR-0576","heliport","Cooperativa de Trabajos Portuarios Limitada Heliport",-32.71915,-60.72636,29,"SA","AR","AR-S","San Martín","no",,,"HPT",,,
318516,"AR-0577","heliport","Edificio Tribunales Helipad",-27.7813,-64.265,738,"SA","AR","AR-G","Santiago del Estero","no",,,"HET",,,
318517,"AR-0578","heliport","Villa La Ñata Heliport",-34.37527,-58.65576,10,"SA","AR","AR-B","Tigre","no",,,"HVA",,,
318945,"AR-0579","small_airport","Coy Aike Airport",-51.162246,-69.487675,,"SA","AR","AR-Z","Coy Aike","no",,,,,,
318946,"AR-0580","small_airport","Estancia Elena Airport",-49.727768,-68.756606,,"SA","AR","AR-Z","Rio Chico","no",,,,,,
321675,"AR-0581","small_airport","Fortin Cabo Lugones Airport",-24.300451,-59.830954,,"SA","AR","AR-P","Fortin Cabo Lugones","no",,,,,,
321676,"AR-0582","small_airport","Posta Cambio A Zalazar Airport",-24.214083,-60.201159,,"SA","AR","AR-P","Posta Cambio A Zalazar Airport","no",,,,,,
321677,"AR-0583","small_airport","Colonel Alfonso Airport",-25.130442,-58.217977,,"SA","AR","AR-P","Laguna Blanca","no",,,,,,
321678,"AR-0584","small_airport","San Hilario Airport",-25.86448,-58.672887,236,"SA","AR","AR-P","Estancia Alegria","no",,,"380",,,
321701,"AR-0585","small_airport","Santa Elena Airport",-30.976069,-59.776894,,"SA","AR","AR-E","Santa Elena","no",,,"973",,"https://en.wikipedia.org/wiki/Monte_Quemado_Airport",
321708,"AR-0586","small_airport","Augusto Leguizamon Airport",-34.818011,-62.477107,357,"SA","AR","AR-B","Ameghino","no",,,"AUL",,,
321709,"AR-0587","small_airport","Dutto Airport",-28.870432,-62.241535,285,"SA","AR","AR-G","Bandera","no",,,"ADU",,,
321710,"AR-0588","small_airport","Malfato Airport",-35.1517,-60.5056,187,"SA","AR","AR-B","Bragado","no",,,"BMO",,,
321711,"AR-0589","small_airport","Cañada Quiroz Airport",-27.5497,-58.7175,180,"SA","AR","AR-W","Corrientes","no",,,"CQZ",,,
321732,"AR-0590","small_airport","Malatini Airport",-35.569123,-61.368224,268,"SA","AR","AR-B","Carlos Casares","no",,,"CCM",,,
321733,"AR-0591","small_airport","Ottaviani Airport",-35.648137,-61.350425,268,"SA","AR","AR-B","Carlos Casares","no",,,"CCO",,,"Aeropuerto Carlos Casares Sur"
321734,"AR-0592","small_airport","Copetonas Airport",-38.743657,-60.553332,167,"SA","AR","AR-B","Copetonas","no",,,"CTA",,,
321740,"AR-0593","small_airport","Don Moises Airport",-32.039622,-64.192827,1604,"SA","AR","AR-X","Corralito","no",,,"MOI",,,
321745,"AR-0594","small_airport","Itati Airport",-27.305297,-58.313924,196,"SA","AR","AR-W","Itati","no",,,"CIT",,,
321746,"AR-0595","small_airport","Las 2 A Airport",-34.811475,-60.51701,196,"SA","AR","AR-B","Chacabuco","no",,,"AII",,,
321748,"AR-0596","small_airport","Daireaux Airport",-36.5828,-61.7842,380,"SA","AR","AR-B","Daireaux","no",,,"DRX",,,
321754,"AR-0597","small_airport","Estancia Santa Elisa Airport",-29.304436,-56.881343,206,"SA","AR","AR-N","Guaviravi","no",,,"GSE",,,
321755,"AR-0598","small_airport","Hernando Airport",-32.337145,-63.685178,925,"SA","AR","AR-X","Hernando","no",,,"NAN",,,"Aeroclub Hernando"
321763,"AR-0599","small_airport","Antares Airport",-34.528223,-63.960879,505,"SA","AR","AR-X","Jovita","no",,,"JOC",,,
321764,"AR-0600","small_airport","Lanteri Airpiort",-28.86085,-59.673331,183,"SA","AR","AR-S","Lanteri","no",,,"LAN",,,
321765,"AR-0601","small_airport","Agroalas S.R.L. Airport",-26.870159,-64.74663,1135,"SA","AR","AR-T","Las Cejas","no",,,"CEJ",,,
321766,"AR-0602","small_airport","Horizonte Aplicaciones Areas Airport",-32.521761,-61.550695,321,"SA","AR","AR-S","Las Rosas","no",,,"LRT",,,
321767,"AR-0603","small_airport","Samave Airport",-33.786401,-62.127806,357,"SA","AR","AR-S","Maggiolo","no",,,"MAB",,,
321768,"AR-0604","small_airport","El Recuerdo S.R.L. Airport",-33.10549,-63.192986,451,"SA","AR","AR-X","Pescanas","no",,,"PAN",,,
321769,"AR-0605","small_airport","Rovere Airport",-26.783029,-60.487414,295,"SA","AR","AR-H","Presidencia Roque Sáenz Peña","no",,,"PSV",,,
321771,"AR-0606","small_airport","Estancia La Elba",-44.5728,-65.3706,45,"SA","AR","AR-U","Punta Roja","no",,,"LAE",,,
321772,"AR-0607","small_airport","Fumigaciones Herbinsec Airport",-35.1386,-61.9928,336,"SA","AR","AR-B","Roberts","no",,,"ROH",,,
321775,"AR-0608","small_airport","Parajon Airport",-34.576385,-61.005748,275,"SA","AR","AR-B","Saforcada","no",,,"SAF",,,
323143,"AR-0609","small_airport","Bahía Laura Airport",-48.331097,-66.417847,,"SA","AR","AR-Z","Bahía Laura","no",,,,,,
323144,"AR-0610","small_airport","Fitz Roy Airport",-47.021639,-67.241585,,"SA","AR","AR-Z","Fitz Roy","no",,,,,,
323145,"AR-0611","small_airport","Tres Cerros Airport",-48.138678,-67.655065,,"SA","AR","AR-Z","Tres Cerros","no",,,,,,
323146,"AR-0612","small_airport","Ministro Ramos Mexía Airport",-40.523752,-67.214651,,"SA","AR","AR-R","Ministro Ramos Mexía","no",,,,,,
323147,"AR-0613","small_airport","Arroyo de la Ventana Airport",-41.669222,-66.097071,,"SA","AR","AR-R","Arroyo de la Ventana","no",,,,,,
323148,"AR-0614","small_airport","Dique Florentino Ameghino Airport",-43.674928,-66.493948,,"SA","AR","AR-U","Dique Florentino Ameghino","no",,,,,,
323149,"AR-0615","small_airport","Arroyo Los Berros Airport",-41.438981,-66.090185,,"SA","AR","AR-R","Arroyo Los Berros","no",,,,,,
324366,"AR-0616","small_airport","La Caldonia Airport",-32.1306,-61.8935,365,"SA","AR","AR-S","Piamonte","no",,,"1063",,,
324367,"AR-0617","small_airport","El Ocho Airstrip",-31.799689,-59.703579,257,"SA","AR","AR-E","Tabossi","no",,,,,,
324368,"AR-0618","small_airport","Timbo Airstrip",-31.8266,-59.0333,187,"SA","AR","AR-E","Villaguay","no",,,,,,
324542,"AR-0619","small_airport","Puerto San Antonio Este Airstrip",-40.799532,-64.864185,,"SA","AR","AR-R","Puerto San Antonio Este","no",,,,,,
324544,"AR-0620","small_airport","Guardia Mitre Airstrip",-40.418091,-63.663347,,"SA","AR","AR-R","Guardia Mitre","no",,,,,,
324545,"AR-0621","small_airport","La Sistina Airstrip",-36.974031,-62.436969,,"SA","AR","AR-B",,"no",,,,,,
324978,"AR-0622","small_airport","Anillaco Airport",-28.795111,-66.914675,4264,"SA","AR","AR-F","Anillaco","no",,,"ANI",,,"ANAC  2309"
327561,"AR-0623","small_airport","El Sauzalito Airport",-24.443851,-61.68824,558,"SA","AR","AR-H","El Sauzalito","no",,,,,,
327565,"AR-0624","small_airport","Ingeniero Juárez Airport",-23.904822,-61.820092,595,"SA","AR","AR-P","Ingeniero Juárez","no",,,,,,
327584,"AR-0625","small_airport","La Cruz Airport",-29.159962,-56.658639,219,"SA","AR","AR-W","La Cruz","no",,,,,,
327585,"AR-0626","small_airport","Loma Alta Airport",-29.049088,-57.081729,295,"SA","AR","AR-W",,"no",,,,,,
327586,"AR-0627","small_airport","Itá Caabó Airport",-29.29287,-57.727213,262,"SA","AR","AR-W","Estancia Itá Caabó","no",,,"529",,,
327589,"AR-0628","small_airport","Estancia El Cencerro Airport",-30.534775,-60.438022,164,"SA","AR","AR-S","Marcelino Escalada","no",,,"451",,,
327590,"AR-0629","small_airport","Estancia El Pinocho",-32.564739,-58.51746,56,"SA","AR","AR-E","Aldea San Antonio","no",,,"496",,,
327603,"AR-0630","small_airport","Estancia La Elisa Airport",-34.038888,-59.776944,154,"SA","AR","AR-B","Capitan Sarmiento","no",,,"578",,,
327605,"AR-0631","small_airport","Estancia Los Leones Airport",-31.170558,-60.718125,125,"SA","AR","AR-S","Llambi Cambel","no",,,"750",,,
327611,"AR-0632","small_airport","Estancia Trebolares Airport",-35.636734,-63.498798,377,"SA","AR","AR-L","General Pico","no",,,"938",,,
327617,"AR-0633","small_airport","Rincón de Luna Airport",-28.470238,-58.249234,180,"SA","AR","AR-W","Tabay","no",,,"1300",,,
327621,"AR-0634","small_airport","Finca Porvenir 8 Airport",-24.994562,-64.341664,1732,"SA","AR","AR-A","Piquete Cabado","no",,,"2800",,,
327624,"AR-0635","small_airport","Cabaña Los Gatos Airport",-27.142412,-61.764272,548,"SA","AR","AR-G","Gancedo","no",,,"2802",,,
327625,"AR-0636","small_airport","Estancia Las Marias Airport",-32.470437,-66.082103,2116,"SA","AR","AR-D","Lenadro N. Alem","no",,,"2809",,,
327626,"AR-0637","heliport","Unidad Regional II de Polcia Heliport",-32.99354,-60.674636,131,"SA","AR","AR-S","Rosario","no",,,"2831",,,
327639,"AR-0638","small_airport","Estancia 13 de Abril Airport",-35.515511,-61.758924,276,"SA","AR","AR-B","Smith","no",,,"2064",,,
327642,"AR-0639","closed","Pinto Airport",-29.152266,-62.675025,328,"SA","AR","AR-G","Pinto","no",,,,,,"Villa General Mitre"
327644,"AR-0640","small_airport","Pichanal-Franzini Airport",-23.338946,-64.247126,1004,"SA","AR","AR-A","Pichanal","no",,,"2105",,,
327647,"AR-0641","small_airport","Traill Southeast Airport",-31.922586,-61.692139,249,"SA","AR","AR-S","Estancia Traill Sureste","no",,,,,,
327651,"AR-0642","closed","Los Juries Airport",-28.477432,-62.1226,301,"SA","AR","AR-G","Los Juries","no",,,,,,
327652,"AR-0643","small_airport","El Cuadrado Airport",-28.285565,-61.764686,325,"SA","AR","AR-G","Los Juries","no",,,"2713",,,
16295,"AR01","small_airport","Baker Flying Service Airport",33.10850143432617,-91.2500991821289,116,"NA","US","US-AR","Eudora","no","AR01",,"AR01",,,
16296,"AR02","heliport","Johnson County Regional Hospital Heliport",35.444801330566406,-93.44490051269531,491,"NA","US","US-AR","Clarksville","no","AR02",,"AR02",,,
16297,"AR03","small_airport","Centerville Airstrip",35.11869812011719,-93.20159912109375,350,"NA","US","US-AR","Centerville","no","AR03",,"AR03",,,
16298,"AR04","closed","Gunem Field",36.261701,-94.248299,1214,"NA","US","US-AR","Cave Springs","no",,,,,,"AR04"
16299,"AR05","small_airport","John Harris Field",35.21590042114258,-93.30490112304688,1770,"NA","US","US-AR","Chickala","no","AR05",,"AR05",,,
16300,"AR06","small_airport","Cantrell Farms Airport",35.23249816894531,-92.34329986572266,325,"NA","US","US-AR","Conway","no","AR06",,"AR06",,,
16301,"AR07","heliport","Ashley County Hospital Heliport",33.14179992675781,-91.93350219726562,164,"NA","US","US-AR","Crossett","no","AR07",,"AR07",,,
16302,"AR08","small_airport","Flying Machines Airstrip",36.31529998779297,-93.6666030883789,1150,"NA","US","US-AR","Eureka Springs","no","AR08",,"AR08",,,
16303,"AR09","small_airport","Bella Vista Field",36.41389846801758,-94.43890380859375,1200,"NA","US","US-AR","Gravette","no","AR09",,"AR09",,,
16304,"AR10","small_airport","Greenwalt Company Airport",34.80670166015625,-91.6082992553711,232,"NA","US","US-AR","Hazen","no","AR10",,"AR10",,,
16305,"AR11","small_airport","Ozark Aerodrome",36.28889847,-94.09030151,1270,"NA","US","US-AR","Rogers","no","AR11",,"AR11",,,
16306,"AR12","small_airport","Mc Donald's Strip",35.320598602299995,-92.018699646,700,"NA","US","US-AR","Rose Bud","no","AR12",,"AR12",,,
16307,"AR13","small_airport","Pearson Field",34.98619842529297,-92.63349914550781,300,"NA","US","US-AR","Bigelow","no","AR13",,"AR13",,,
16308,"AR17","small_airport","Burns Aerodrome",34.9833984375,-90.91510009765625,207,"NA","US","US-AR","Palestine","no","AR17",,"AR17",,,
16309,"AR18","small_airport","Gerrard Airport",34.77149963378906,-90.84040069580078,205,"NA","US","US-AR","Marianna","no","AR18",,"AR18",,,
16310,"AR19","small_airport","Wesson-Davis Field",35.21289825439453,-93.7520980834961,570,"NA","US","US-AR","Paris","no","AR19",,"AR19",,,
16311,"AR20","heliport","Lawrence Memorial Heliport",36.073699951171875,-90.96849822998047,265,"NA","US","US-AR","Walnut Ridge","no","AR20",,"AR20",,,
16312,"AR21","heliport","St Edward Mercy Medical Center Heliport",35.35559844970703,-94.3501968383789,454,"NA","US","US-AR","Fort Smith","no","AR21",,"AR21",,,
16313,"AR22","small_airport","Tommy's Flying Service Inc Airport",34.381500244099996,-91.95850372310001,215,"NA","US","US-AR","Sherrill","no","AR22",,"AR22",,,
16314,"AR23","small_airport","Cedar Creek Ranch Airport",35.125018,-93.47679,420,"NA","US","US-AR","Belleville","no","25AR",,"25AR",,,"AR23"
16315,"AR24","heliport","White River Medical Center Heliport",35.76810073852539,-91.63459777832031,360,"NA","US","US-AR","Batesville","no","AR24",,"AR24",,,
16316,"AR25","small_airport","Vilonia Airport",35.11869812011719,-92.18930053710938,590,"NA","US","US-AR","Vilonia","no","AR25",,"AR25",,,
16317,"AR27","small_airport","Lollars Creek Farm Airport",35.93899917602539,-93.845703125,1430,"NA","US","US-AR","Wesley","no","AR27",,"AR27",,,
16318,"AR28","closed","Odom Field",34.939301,-92.024597,280,"NA","US","US-AR","Cabot","no",,,,,,"AR28"
16319,"AR29","heliport","Uams Heliport",34.75002,-92.320135,360,"NA","US","US-AR","Little Rock","no","AR29",,"AR29",,,
16320,"AR30","heliport","Baptist Memorial Hospital-Blytheville Heliport",35.943536,-89.916378,254,"NA","US","US-AR","Blytheville","no",,,,,,"AR30"
16321,"AR31","heliport","C. Andrew Laird Heliport",33.61389923095703,-112.27300262451172,1140,"NA","US","US-AZ","Sun City","no","AR31",,"AR31",,,
16322,"AR32","heliport","Dardanelle Hospital Heliport",35.22090148925781,-93.15270233154297,320,"NA","US","US-AR","Dardanelle","no","AR32",,"AR32",,,
16323,"AR33","heliport","Honey Hill Heliport",35.2333984375,-91.78739929199219,340,"NA","US","US-AR","Searcy","no","AR33",,"AR33",,,
16324,"AR34","small_airport","Pine Village Airport",34.981998443603516,-92.44519805908203,610,"NA","US","US-AR","Mayflower","no","AR34",,"AR34",,,
16325,"AR35","small_airport","Henson Farm Airport",36.086700439453125,-94.1052017211914,1420,"NA","US","US-AR","Fayetteville","no","AR35",,"AR35",,,
16326,"AR36","heliport","Medi-Port Heliport",36.33340072631836,-94.13349914550781,1350,"NA","US","US-AR","Rogers","no","AR36",,"AR36",,,
16327,"AR37","heliport","St Michael Hospital Heliport",33.42729949951172,-94.04209899902344,1100,"NA","US","US-AR","Texarkana","no","AR37",,"AR37",,,
16328,"AR38","heliport","Arkansas National Guard Emergency Access Heliport",35.21950149536133,-93.17990112304688,399,"NA","US","US-AR","Dardanelle","no","AR38",,"AR38",,,
16329,"AR40","heliport","Sparks Regional Medical Center Heliport",35.37699890136719,-94.42019653320312,460,"NA","US","US-AR","Fort Smith","no","AR40",,"AR40",,,
16330,"AR41","heliport","Carroll General Hospital Heliport",36.35900115966797,-93.5521011352539,1280,"NA","US","US-AR","Berryville","no","AR41",,"AR41",,,
16331,"AR42","heliport","Ouachita County Medical Center Heliport",33.576499939,-92.83540344240001,212,"NA","US","US-AR","Camden","no","AR42",,"AR42",,,
16332,"AR43","small_airport","Brickey Private Airport",35.100101470947266,-92.78350067138672,320,"NA","US","US-AR","Morrilton","no","AR43",,"AR43",,,
16333,"AR44","small_airport","Flying W Airport",33.51259994506836,-94.01349639892578,265,"NA","US","US-AR","Texarkana","no","AR44",,"AR44",,,
16334,"AR45","heliport","St Vincent Infirmary Heliport",34.7505989074707,-92.3406982421875,435,"NA","US","US-AR","Little Rock","no","AR45",,"AR45",,,
16335,"AR46","small_airport","Penrose Airport",35.18895,-91.050131,220,"NA","US","US-AR","Mc Crory","no","AR46",,"AR46",,,
16336,"AR47","heliport","Warner Brown Hospital Heliport",33.2135009765625,-92.66790008544922,212,"NA","US","US-AR","El Dorado","no","AR47",,"AR47",,,
16337,"AR48","heliport","Union Medical Center Heliport",33.214599609375,-92.66790008544922,265,"NA","US","US-AR","El Dorado","no","AR48",,"AR48",,,
16338,"AR49","heliport","Veterans Administration Heliport",36.079200744628906,-94.15910339355469,1453,"NA","US","US-AR","Fayetteville","no","AR49",,"AR49",,,
16339,"AR50","small_airport","Hess Strip",35.26679992675781,-90.9834976196289,180,"NA","US","US-AR","Wynne","no","AR50",,"AR50",,,
16340,"AR51","heliport","Smith Heliport",36.2239990234375,-93.57820129394531,1200,"NA","US","US-AR","Berryville","no","AR51",,"AR51",,,
16341,"AR52","closed","Hazen Heliport",34.780645,-91.581852,230,"NA","US","US-AR","Hazen","no",,,,,,"AR52"
16342,"AR53","heliport","Five Rivers Medical Center Heliport",36.289249,-90.996319,433,"NA","US","US-AR","Pocahontas","no","AR53",,"AR53",,,"Randolph County Medical Center Heliport"
16343,"AR54","small_airport","Ralph Fulmer Field",34.918701171875,-91.91510009765625,245,"NA","US","US-AR","Cabot","no","AR54",,"AR54",,,
16344,"AR55","small_airport","R.V. Stewart Field",34.73979949951172,-92.09010314941406,251,"NA","US","US-AR","North Little Rock","no","AR55",,"AR55",,,
16345,"AR56","small_airport","Amos Airport",35.61022,-91.436249,240,"NA","US","US-AR","Oil Trough","no","AR56",,"AR56",,,
16346,"AR59","heliport","De Witt Hospital Heliport",34.278808,-91.338628,190,"NA","US","US-AR","De Witt","no","AR59",,"AR59",,,"De Witt City Hospital"
16347,"AR60","heliport","NEA Baptist Hospital Heliport",35.807603,-90.666472,260,"NA","US","US-AR","Jonesboro","no","AR60",,"AR60",,,"Methodist Hospital of Jonesboro Heliport"
16348,"AR61","heliport","Chicot Memorial Hospital Heliport",33.305301666259766,-91.28919982910156,125,"NA","US","US-AR","Lake Village","no","AR61",,"AR61",,,
16349,"AR62","heliport","Arkansas Children's Hospital Heliport",34.742698669433594,-92.293701171875,440,"NA","US","US-AR","Little Rock","no","AR62",,"AR62",,,
16350,"AR63","heliport","Mc Gehee Desha County Hospital Heliport",33.6184005737,-91.3923034668,140,"NA","US","US-AR","Mc Gehee","no","AR63",,"AR63",,,
16351,"AR64","small_airport","White River Airport",35.921199798583984,-92.00509643554688,310,"NA","US","US-AR","Melbourne","no","AR64",,"AR64",,,
16352,"AR65","heliport","St Anthony's Medical Center Heliport",35.167598724399994,-92.7220993042,400,"NA","US","US-AR","Morrilton","no","AR65",,"AR65",,,
16353,"AR66","heliport","Pike County Hospital Heliport",34.049800872802734,-93.68409729003906,335,"NA","US","US-AR","Murfreesboro","no","AR66",,"AR66",,,
16354,"AR67","heliport","SMC Regional Medical Center Heliport",35.700401,-89.975601,244,"NA","US","US-AR","Osceola","no","AR67",,"AR67",,,"Grandview Street Heliport"
16355,"AR68","heliport","Fulton County Hospital Heliport",36.38309860229492,-91.8102035522461,700,"NA","US","US-AR","Salem","no","AR68",,"AR68",,,
16356,"AR69","heliport","Siloam Springs Memorial Hospital Heliport",36.18149948120117,-94.54109954833984,1140,"NA","US","US-AR","Siloam Springs","no","AR69",,"AR69",,,
16357,"AR70","heliport","Bradley County Memorial Hospital Heliport",33.61040115356445,-92.0593032836914,200,"NA","US","US-AR","Warren","no","AR70",,"AR70",,,
16358,"AR71","heliport","Hospital Heliport",35.46760177612305,-93.41909790039062,491,"NA","US","US-AR","Clarksville","no","AR71",,"AR71",,,
16359,"AR72","heliport","Forrest City Medical Center Heliport",35.039778,-90.776972,350,"NA","US","US-AR","Forrest City","no","AR72",,"AR72",,,"Baptist Memorial Hospital-FC Heliport"
16360,"AR73","heliport","Piggott Community Hospital Heliport",36.389801025390625,-90.2020034790039,272,"NA","US","US-AR","Piggott","no","AR73",,"AR73",,,
16361,"AR74","heliport","Cross Ridge County Hospital Heliport",35.220118,-90.785992,265,"NA","US","US-AR","Wynne","no","AR74",,"AR74",,,
16362,"AR75","heliport","Burns Funeral Home Parking Lot Heliport",36.232601165771484,-92.68820190429688,670,"NA","US","US-AR","Yellville","no","AR75",,"AR75",,,
16363,"AR76","heliport","Augusta Heliport",35.288700103759766,-91.3584976196289,212,"NA","US","US-AR","Augusta","no","AR76",,"AR76",,,
16364,"AR77","heliport","Helena Hospital Heliport",34.50979995727539,-90.6261978149414,215,"NA","US","US-AR","Helena","no","AR77",,"AR77",,,
16365,"AR78","heliport","Unity Health White County Medical Center Heliport",35.233443,-91.729728,260,"NA","US","US-AR","Searcy","no","AR78",,"AR78",,,
16366,"AR79","small_airport","Flying G Ranch Airport",33.693199157714844,-91.37960052490234,150,"NA","US","US-AR","Tillar","no","AR79",,"AR79",,,
16367,"AR80","heliport","North Arkansas Medical Center Heliport",36.23649978637695,-93.10929870605469,1150,"NA","US","US-AR","Harrison","no","AR80",,"AR80",,,
16368,"AR81","small_airport","Katheryn's Landing Airport",34.16230010986328,-92.60379791259766,250,"NA","US","US-AR","Leola","no","AR81",,"AR81",,,
16369,"AR82","small_airport","Gillespie Strip",34.171199798583984,-92.69599914550781,492,"NA","US","US-AR","Leola","no","AR82",,"AR82",,,
16370,"AR83","small_airport","Heard Airport",34.17620086669922,-92.70099639892578,500,"NA","US","US-AR","Leola","no","AR83",,"AR83",,,
16371,"AR84","small_airport","Bobwhite Hill Ranch Airport",34.96649932861328,-92.29930114746094,350,"NA","US","US-AR","Mayflower","no","AR84",,"AR84",,,
16372,"AR85","heliport","Drew Memorial Hospital Heliport",33.62009811401367,-91.82599639892578,296,"NA","US","US-AR","Monticello","no","AR85",,"AR85",,,
16373,"AR86","heliport","Ano Heliport",35.308101654052734,-93.22429656982422,350,"NA","US","US-AR","Russellville","no","AR86",,"AR86",,,
16374,"AR87","heliport","Sparks Medical Center Van Buren Heliport",35.434625,-94.339947,467,"NA","US","US-AR","Van Buren","no","AR87",,"AR87",,,"Crawford Memorial Hospital"
16375,"AR88","small_airport","Poe's Airport",35.0547981262207,-92.35399627685547,295,"NA","US","US-AR","Conway","no","AR88",,"AR88",,,
16376,"AR89","small_airport","Landers Loop Airport",35.40010070800781,-93.06600189208984,730,"NA","US","US-AR","Dover","no","AR89",,"AR89",,,
16377,"AR90","heliport","Stephens Heliport",34.73649978637695,-92.50879669189453,550,"NA","US","US-AR","Little Rock","no","AR90",,"AR90",,,
16378,"AR91","small_airport","Circle S Farms Airport",36.22589874267578,-94.03209686279297,1200,"NA","US","US-AR","Lowell","no","AR91",,"AR91",,,
16379,"AR92","heliport","Unity Health Harris Medical Center Heliport",35.609774,-91.264466,225,"NA","US","US-AR","Newport","no","AR92",,"AR92",,,"Harris Hospital and Clinic Heliport"
16380,"AR93","small_airport","Ark-Mo Airport",36.485599517822266,-90.28040313720703,308,"NA","US","US-AR","Pollard","no","AR93",,"AR93",,,
16381,"AR94","small_airport","Squirrel Run Airport",35.48540115356445,-94.13829803466797,415,"NA","US","US-AR","Dyer","no","AR94",,"AR94",,,
16382,"AR95","heliport","Arkansas Methodist Hospital Heliport",36.050899505615234,-90.49819946289062,326,"NA","US","US-AR","Paragould","no","AR95",,"AR95",,,
16383,"AR97","small_airport","Chael Airport",35.22010040283203,-92.49649810791016,320,"NA","US","US-AR","Wooster","no","AR97",,"AR97",,,
16384,"AR98","small_airport","Johnson Field",35.26449966430664,-91.18900299072266,208,"NA","US","US-AR","Mc Crory","no","AR98",,"AR98",,,
301707,"ARP","small_airport","Aragip Airport",-9.88333333333,149.483333333,1750,"OC","PG","PG-MBA",,"no",,"ARP","AGP",,,
301832,"ARX","closed","Asbury Park Neptune Air Terminal",40.2193055556,-74.0908333333,95,"NA","US","US-NJ","Asbury Park","no",,"ARX",,,,"Schlossbach Field"
32422,"AS-TAV","small_airport","Tau Airport",-14.2292003632,-169.511001587,185,"OC","AS","AS-U-A","Tau Village","no",,"TAV","HI36",,"http://en.wikipedia.org/wiki/Tau_Airport",
16385,"AS89","closed","Public Safety Heliport",33.537128,-112.18158,3995,"NA","US","US-AZ","Glendale","no",,,,,,"AS89"